Workbook

Sheet Ausschreibung
B2: Ausschreibung und Zeitplan
B3: 21. ERGOCUP Neckarelz
B4: Rennen | C4: Wett-bewerb | D4: Startzeit (erstes Abteil) | E4: Klasse | F4: Gewichtsklasse | G4: Alter | H4: Jahrgang | I4: Strecke | K4: Zeitfenster | M4: von | N4: bis
B5: 1 | C5: Ergocup | D5: =M5 -> 0.375 | E5: Masters A-H, weiblich | F5: - | G5: 27 und älter | H5: 1991 und älter | I5: 30 min. | K5: 40 | L5: min | M5: 0.375 | N5: =M5+O5 -> 0.40277778 | O5: =K5/24/60 -> 0.027777778
B6: 2 | C6: Ergocup | D6: =M6 -> 0.40277778 | E6: Masters A-H, männlich | F6: - | G6: 27 und älter | H6: 1991 und älter | I6: 30 min. | K6: 120 | L6: min | M6: =N5 -> 0.40277778 | N6: =M6+O6 -> 0.48611111 | O6: =K6/24/60 -> 0.083333333
B7: 3 | C7: Ergocup | D7: =M7 -> 0.48611111 | E7: Jungen U14 | F7: Lgw. bis 50 kg | G7: 13 und jünger | H7: 2005 und jünger | I7: 1000 m | K7: 8 | L7: min | M7: =N6 -> 0.48611111 | N7: =M7+O7 -> 0.49166667 | O7: =K7/24/60 -> 0.0055555556
B8: 4 | C8: Ergocup | D8: =M8 -> 0.49166667 | E8: Jungen U14 | F8: - | G8: 13 und jünger | H8: 2005 und jünger | I8: 1000 m | K8: 16 | L8: min | M8: =N7 -> 0.49166667 | N8: =M8+O8 -> 0.50277778 | O8: =K8/24/60 -> 0.011111111
B9: 5 | C9: Ergocup | D9: =M9 -> 0.50277778 | E9: Mädchen U14 | F9: Lgw. bis 50 kg | G9: 13 und jünger | H9: 2005 und jünger | I9: 1000 m | K9: 8 | L9: min | M9: =N8 -> 0.50277778 | N9: =M9+O9 -> 0.50833333 | O9: =K9/24/60 -> 0.0055555556
B10: 6 | C10: Ergocup | D10: =M10 -> 0.50833333 | E10: Mädchen U14 | F10: - | G10: 13 und jünger | H10: 2005 und jünger | I10: 1000 m | K10: 8 | L10: min | M10: =N9 -> 0.50833333 | N10: =M10+O10 -> 0.51388889 | O10: =K10/24/60 -> 0.0055555556
B11: 7 | C11: Ergocup | D11: =M11 -> 0.51388889 | E11: Mädchen U15 | F11: Lgw. bis 52,5 kg | G11: 14 | H11: 2004 | I11: 1000 m | K11: 8 | L11: min | M11: =N10 -> 0.51388889 | N11: =M11+O11 -> 0.51944444 | O11: =K11/24/60 -> 0.0055555556
B12: 8 | C12: Ergocup | D12: =M12 -> 0.51944444 | E12: Mädchen U15 | F12: - | G12: 14 | H12: 2004 | I12: 1000 m | K12: 8 | L12: min | M12: =N11 -> 0.51944444 | N12: =M12+O12 -> 0.525 | O12: =K12/24/60 -> 0.0055555556
B13: 9 | C13: Ergocup | D13: =M13 -> 0.525 | E13: Jungen U15 | F13: Lgw. bis 55 kg | G13: 14 | H13: 2004 | I13: 1000 m | K13: 16 | L13: min | M13: =N12 -> 0.525 | N13: =M13+O13 -> 0.53611111 | O13: =K13/24/60 -> 0.011111111
B14: 10 | C14: Ergocup | D14: =M14 -> 0.53611111 | E14: Jungen U15 | F14: - | G14: 14 | H14: 2004 | I14: 1000 m | K14: 16 | L14: min | M14: =N13 -> 0.53611111 | N14: =M14+O14 -> 0.54722222 | O14: =K14/24/60 -> 0.011111111
B15: =M15 -> 0.54722222 | C15: bis | D15: =N15 -> 0.56805556 | E15: Siegerehrung ERGOCUP Teil 1 und Pause | K15: 30 | L15: min | M15: =N14 -> 0.54722222 | N15: =M15+O15 -> 0.56805556 | O15: =K15/24/60 -> 0.020833333
B16: Rennen | C16: Wett-bewerb | D16: Startzeit | E16: Klasse | F16: Gewichtsklasse | G16: Alter | H16: Jahrgang | I16: Strecke | K16: Zeitfenster | M16: von | N16: bis
B17: 11 | C17: Ergocup | D17: =M17 -> 0.56805556 | E17: Juniorinnen B U17 | F17: Lgw. bis 57,5kg | G17: 15-16 | H17: 2003 und 2002 | I17: 1500 m | K17: 12 | L17: min | M17: =N15 -> 0.56805556 | N17: =M17+O17 -> 0.57638889 | O17: =K17/24/60 -> 0.0083333333
B18: 12 | C18: Ergocup | D18: =M18 -> 0.57638889 | E18: Juniorinnen B U17 | F18: - | G18: 15-16 | H18: 2003 und 2002 | I18: 1500 m | K18: 24 | L18: min | M18: =N17 -> 0.57638889 | N18: =M18+O18 -> 0.59305556 | O18: =K18/24/60 -> 0.016666667
B19: 13 | C19: Ergocup | D19: =M19 -> 0.59305556 | E19: Junioren B U17 | F19: Lgw. bis 67,5kg | G19: 15-16 | H19: 2003 und 2002 | I19: 1500 m | K19: 24 | L19: min | M19: =N18 -> 0.59305556 | N19: =M19+O19 -> 0.60972222 | O19: =K19/24/60 -> 0.016666667
B20: 14 | C20: Ergocup | D20: =M20 -> 0.60972222 | E20: Junioren B U17 | F20: - | G20: 15-16 | H20: 2003 und 2002 | I20: 1500 m | K20: 12 | L20: min | M20: =N19 -> 0.60972222 | N20: =M20+O20 -> 0.61805556 | O20: =K20/24/60 -> 0.0083333333
B21: 15 | C21: Ergocup | D21: =M21 -> 0.61805556 | E21: Sprint weiblich | F21: - | G21: offen | H21: offen | I21: 350 m | K21: 0 | L21: min | M21: =N20 -> 0.61805556 | N21: =M21+O21 -> 0.61805556 | O21: =K21/24/60 -> 0
B22: 16 | C22: Ergocup | D22: =M22 -> 0.61805556 | E22: Sprint männlich | F22: - | G22: offen | H22: offen | I22: 350 m | K22: 4 | L22: min | M22: =N21 -> 0.61805556 | N22: =M22+O22 -> 0.62083333 | O22: =K22/24/60 -> 0.0027777778
B23: 17 | C23: Ergocup | D23: =M23 -> 0.62083333 | E23: Juniorinnen A U19 | F23: LGW. bis 60 kg | G23: 17-18 | H23: 2001 und 2000 | I23: 2000 m | K23: 0 | L23: min | M23: =N22 -> 0.62083333 | N23: =M23+O23 -> 0.62083333 | O23: =K23/24/60 -> 0
B24: =B23+1 -> 18 | C24: Ergocup | D24: =M24 -> 0.62083333 | E24: Juniorinnen A U19 | F24: - | G24: 17-18 | H24: 2001 und 2000 | I24: 2000 m | K24: 15 | L24: min | M24: =N23 -> 0.62083333 | N24: =M24+O24 -> 0.63125 | O24: =K24/24/60 -> 0.010416667
B25: =B24+1 -> 19 | C25: Ergocup | D25: =M25 -> 0.63125 | E25: Junioren A U19 | F25: LGW. bis 70 kg | G25: 17-18 | H25: 2001 und 2000 | I25: 2000 m | K25: 0 | L25: min | M25: =N24 -> 0.63125 | N25: =M25+O25 -> 0.63125 | O25: =K25/24/60 -> 0
B26: =B25+1 -> 20 | C26: Ergocup | D26: =M26 -> 0.63125 | E26: Junioren A U19 | F26: - | G26: 17-18 | H26: 2001 und 2000 | I26: 2000 m | K26: 15 | L26: min | M26: =N25 -> 0.63125 | N26: =M26+O26 -> 0.64166667 | O26: =K26/24/60 -> 0.010416667
B27: =B26+1 -> 21 | C27: Ergocup | D27: =M27 -> 0.64166667 | E27: Seniorinnen A | F27: LGW. bis 61 kg | G27: 19 und älter | H27: 1999 und älter | I27: 2000 m | K27: 0 | L27: min | M27: =N26 -> 0.64166667 | N27: =M27+O27 -> 0.64166667 | O27: =K27/24/60 -> 0
B28: =B27+1 -> 22 | C28: Ergocup | D28: =M28 -> 0.64166667 | E28: Seniorinnen A | F28: - | G28: 19 und älter | H28: 1999 und älter | I28: 2000 m | K28: 15 | L28: min | M28: =N27 -> 0.64166667 | N28: =M28+O28 -> 0.65208333 | O28: =K28/24/60 -> 0.010416667
B29: =B28+1 -> 23 | C29: Ergocup | D29: =M29 -> 0.65208333 | E29: Senioren A | F29: LGW. bis 75 kg | G29: 19 und älter | H29: 1999 und älter | I29: 2000 m | K29: 0 | L29: min | M29: =N28 -> 0.65208333 | N29: =M29+O29 -> 0.65208333 | O29: =K29/24/60 -> 0
B30: =B29+1 -> 24 | C30: Ergocup | D30: =M30 -> 0.65208333 | E30: Senioren A | F30: - | G30: 19 und älter | H30: 1999 und älter | I30: 2000 m | K30: 15 | L30: min | M30: =N29 -> 0.65208333 | N30: =M30+O30 -> 0.6625 | O30: =K30/24/60 -> 0.010416667
B31: =B30+1 -> 25 | C31: Ergocup | D31: =M31 -> 0.6625 | E31: Masters A-H, männlich | F31: - | G31: 27 und älter | H31: 1991 und älter | I31: 2000 m | K31: 15 | L31: min | M31: =N30 -> 0.6625 | N31: =M31+O31 -> 0.67291667 | O31: =K31/24/60 -> 0.010416667
B32: =B31+1 -> 26 | C32: Ergocup | D32: =M32 -> 0.67291667 | E32: Masters A-H, weiblich | F32: - | G32: 27 und älter | H32: 1991 und älter | I32: 2000 m | K32: 0 | L32: min | M32: =N31 -> 0.67291667 | N32: =M32+O32 -> 0.67291667 | O32: =K32/24/60 -> 0
B33: =B32+1 -> 27 | C33: Ergocup | D33: =M33 -> 0.67291667 | E33: Masters A-H, männlich | F33: - | G33: 27 und älter | H33: 1991 und älter | I33: 1000 m | K33: 0 | L33: min | M33: =N32 -> 0.67291667 | N33: =M33+O39 -> 0.67291667
B34: =B33+1 -> 28 | C34: Ergocup | D34: =M34 -> 0.67291667 | E34: Masters A-H, weiblich | F34: - | G34: 27 und älter | H34: 1991 und älter | I34: 1000 m | K34: 10 | L34: min | M34: =N33 -> 0.67291667 | N34: =M34+O40 -> 0.67986111
B35: =B34+1 -> 29 | C35: Ergocup | D35: =M35 -> 0.67986111 | E35: Mannschaft offen - 2 Personen | F35: - | G35: offen | H35: offen | I35: 5000 m | K35: 25 | L35: min | M35: =N34 -> 0.67986111 | N35: =M35+O41 -> 0.69722222
B36: =N35 -> 0.69722222 | C36: bis | D36: =N36 -> 0.71805556 | E36: Siegerehrung ERGOCUP Teil 2, Gesamtsieger ERGOCUP | K36: 30 | L36: min | M36: =N35 -> 0.69722222 | N36: =M36+O42 -> 0.71805556
O39: =K33/24/60 -> 0
O40: =K34/24/60 -> 0.0069444444
O41: =K35/24/60 -> 0.017361111
O42: =K36/24/60 -> 0.020833333

Sheet Eingabe Meldungen
A1: Rennen | B1: Wettbewerb | C1: Name | D1: Vorname | E1: Altersklasse | F1: Klasse | G1: Altersgrenze | H1: Jahrgang | I1: Strecke | J1: Verein | K1: Nachmeldung
A2: 2 | C2: Gocke | D2: Eberhard | E2: =VLOOKUP(A2,Ausschreibung!$B$4:$I$35,4,FALSE) -> Masters A-H, männlich | F2: J | G2: =VLOOKUP(A2,Ausschreibung!$B$4:$I$35,6,FALSE) -> 27 und älter | H2: 1940 | I2: =VLOOKUP(A2,Ausschreibung!$B$4:$I$35,8,FALSE) -> 30 min. | J2: RC Neptun Neckarelz | L2: =2020-H2 -> 80
A3: 28 | C3: Gocke | D3: Eberhard | E3: =VLOOKUP(A3,Ausschreibung!$B$4:$I$35,4,FALSE) -> Masters A-H, weiblich | F3: J | G3: =VLOOKUP(A3,Ausschreibung!$B$4:$I$35,6,FALSE) -> 27 und älter | H3: 1940 | I3: =VLOOKUP(A3,Ausschreibung!$B$4:$I$35,8,FALSE) -> 1000 m | J3: RC Neptun Neckarelz | L3: =2020-H3 -> 80
A4: 25 | C4: Sommer | D4: Christian | E4: =VLOOKUP(A4,Ausschreibung!$B$4:$I$35,4,FALSE) -> Masters A-H, männlich | F4: I | G4: =VLOOKUP(A4,Ausschreibung!$B$4:$I$35,6,FALSE) -> 27 und älter | H4: 1942 | I4: =VLOOKUP(A4,Ausschreibung!$B$4:$I$35,8,FALSE) -> 2000 m | J4: USV TU Dresden | L4: =2020-H4 -> 78
A5: 2 | C5: Schultheiß | D5: Günther | E5: =VLOOKUP(A5,Ausschreibung!$B$4:$I$35,4,FALSE) -> Masters A-H, männlich | F5: J | G5: =VLOOKUP(A5,Ausschreibung!$B$4:$I$35,6,FALSE) -> 27 und älter | H5: 1942 | I5: =VLOOKUP(A5,Ausschreibung!$B$4:$I$35,8,FALSE) -> 30 min. | J5: RC Neptun Neckarelz | L5: =2020-H5 -> 78
A6: 2 | C6: Diem | D6: Werner | E6: =VLOOKUP(A6,Ausschreibung!$B$4:$I$35,4,FALSE) -> Masters A-H, männlich | F6: H | G6: =VLOOKUP(A6,Ausschreibung!$B$4:$I$35,6,FALSE) -> 27 und älter | H6: 1943 | I6: =VLOOKUP(A6,Ausschreibung!$B$4:$I$35,8,FALSE) -> 30 min. | J6: RC Neptun Neckarelz | L6: =2020-H6 -> 77
A7: 2 | C7: Schmiedeknecht | D7: Helmut | E7: =VLOOKUP(A7,Ausschreibung!$B$4:$I$35,4,FALSE) -> Masters A-H, männlich | F7: H | G7: =VLOOKUP(A7,Ausschreibung!$B$4:$I$35,6,FALSE) -> 27 und älter | H7: 1947 | I7: =VLOOKUP(A7,Ausschreibung!$B$4:$I$35,8,FALSE) -> 30 min. | J7: Ruderverein Bad Wimpfen | L7: =2020-H7 -> 73
A8: 28 | C8: Schmiedeknecht | D8: Helmut | E8: =VLOOKUP(A8,Ausschreibung!$B$4:$I$35,4,FALSE) -> Masters A-H, weiblich | F8: H | G8: =VLOOKUP(A8,Ausschreibung!$B$4:$I$35,6,FALSE) -> 27 und älter | H8: 1947 | I8: =VLOOKUP(A8,Ausschreibung!$B$4:$I$35,8,FALSE) -> 1000 m | J8: Ruderverein Bad Wimpfen | L8: =2020-H8 -> 73
A9: 2 | C9: Vollmer | D9: Gerhard | E9: =VLOOKUP(A9,Ausschreibung!$B$4:$I$35,4,FALSE) -> Masters A-H, männlich | F9: H | G9: =VLOOKUP(A9,Ausschreibung!$B$4:$I$35,6,FALSE) -> 27 und älter | H9: 1948 | I9: =VLOOKUP(A9,Ausschreibung!$B$4:$I$35,8,FALSE) -> 30 min. | J9: HRG Schwaben | L9: =2020-H9 -> 72
A10: 2 | C10: Schmidt | D10: Rolf | E10: =VLOOKUP(A10,Ausschreibung!$B$4:$I$35,4,FALSE) -> Masters A-H, männlich | F10: H | G10: =VLOOKUP(A10,Ausschreibung!$B$4:$I$35,6,FALSE) -> 27 und älter | H10: 1950 | I10: =VLOOKUP(A10,Ausschreibung!$B$4:$I$35,8,FALSE) -> 30 min. | J10: Marbacher Ruderverein | L10: =2020-H10 -> 70
A11: 2 | C11: Rentz | D11: Jürgen | E11: =VLOOKUP(A11,Ausschreibung!$B$4:$I$35,4,FALSE) -> Masters A-H, männlich | F11: G | G11: =VLOOKUP(A11,Ausschreibung!$B$4:$I$35,6,FALSE) -> 27 und älter | H11: 1955 | I11: =VLOOKUP(A11,Ausschreibung!$B$4:$I$35,8,FALSE) -> 30 min. | J11: Marbacher Ruderverein | L11: =2020-H11 -> 65
A12: 2 | C12: Klinge | D12: Achim | E12: =VLOOKUP(A12,Ausschreibung!$B$4:$I$35,4,FALSE) -> Masters A-H, männlich | F12: F | G12: =VLOOKUP(A12,Ausschreibung!$B$4:$I$35,6,FALSE) -> 27 und älter | H12: 1957 | I12: =VLOOKUP(A12,Ausschreibung!$B$4:$I$35,8,FALSE) -> 30 min. | J12: SSG Bensheim | L12: =2020-H12 -> 63
A13: 2 | C13: Köhler | D13: Bernhard | E13: =VLOOKUP(A13,Ausschreibung!$B$4:$I$35,4,FALSE) -> Masters A-H, männlich | F13: F | G13: =VLOOKUP(A13,Ausschreibung!$B$4:$I$35,6,FALSE) -> 27 und älter | H13: 1958 | I13: =VLOOKUP(A13,Ausschreibung!$B$4:$I$35,8,FALSE) -> 30 min. | J13: Fitness Oase in Regen | L13: =2020-H13 -> 62
... A19: 28 | C19: Kunz | D19: Gert | E19: =VLOOKUP(A19,Ausschreibung!$B$4:$I$35,4,FALSE) -> Masters A-H, weiblich | F19: J | G19: =VLOOKUP(A19,Ausschreibung!$B$4:$I$35,6,FALSE) -> 27 und älter | H19: 1940 | I19: =VLOOKUP(A19,Ausschreibung!$B$4:$I$35,8,FALSE) -> 1000 m | J19: USV TU Dresden | L19: =2020-H19 -> 80
A20: 2 | B20: =VLOOKUP(A20,[1]Ausschreibung!$B$4:$I$35,2,FALSE) -> Ergocup | C20: Marx | D20: Johannes | E20: =VLOOKUP(A20,Ausschreibung!$B$4:$I$35,4,FALSE) -> Masters A-H, männlich | F20: E | G20: =VLOOKUP(A20,Ausschreibung!$B$4:$I$35,6,FALSE) -> 27 und älter | H20: 1962 | I20: =VLOOKUP(A20,Ausschreibung!$B$4:$I$35,8,FALSE) -> 30 min. | J20: RC Neptun Neckarelz | L20: =2020-H20 -> 58
A21: 2 | C21: Reinert | D21: Gerhard | E21: =VLOOKUP(A21,Ausschreibung!$B$4:$I$35,4,FALSE) -> Masters A-H, männlich | F21: E | G21: =VLOOKUP(A21,Ausschreibung!$B$4:$I$35,6,FALSE) -> 27 und älter | H21: 1964 | I21: =VLOOKUP(A21,Ausschreibung!$B$4:$I$35,8,FALSE) -> 30 min. | J21: HRG Schwaben | L21: =2020-H21 -> 56
A22: 1 | C22: Schmidt | D22: Henriette | E22: =VLOOKUP(A22,Ausschreibung!$B$4:$I$35,4,FALSE) -> Masters A-H, weiblich | F22: D | G22: =VLOOKUP(A22,Ausschreibung!$B$4:$I$35,6,FALSE) -> 27 und älter | H22: 1965 | I22: =VLOOKUP(A22,Ausschreibung!$B$4:$I$35,8,FALSE) -> 30 min. | J22: Marbacher Ruderverein | L22: =2020-H22 -> 55
A23: 1 | C23: Young | D23: Susan | E23: =VLOOKUP(A23,Ausschreibung!$B$4:$I$35,4,FALSE) -> Masters A-H, weiblich | F23: D | G23: =VLOOKUP(A23,Ausschreibung!$B$4:$I$35,6,FALSE) -> 27 und älter | H23: 1965 | I23: =VLOOKUP(A23,Ausschreibung!$B$4:$I$35,8,FALSE) -> 30 min. | J23: Sub7 IRC | L23: =2020-H23 -> 55
A24: 2 | C24: Marion | D24: Markus | E24: =VLOOKUP(A24,Ausschreibung!$B$4:$I$35,4,FALSE) -> Masters A-H, männlich | F24: D | G24: =VLOOKUP(A24,Ausschreibung!$B$4:$I$35,6,FALSE) -> 27 und älter | H24: 1966 | I24: =VLOOKUP(A24,Ausschreibung!$B$4:$I$35,8,FALSE) -> 30 min. | J24: ErgoRudern Saarlouis | L24: =2020-H24 -> 54
A25: 1 | C25: Breitenbücher | D25: Heike | E25: =VLOOKUP(A25,Ausschreibung!$B$4:$I$35,4,FALSE) -> Masters A-H, weiblich | F25: D | G25: =VLOOKUP(A25,Ausschreibung!$B$4:$I$35,6,FALSE) -> 27 und älter | H25: 1967 | I25: =VLOOKUP(A25,Ausschreibung!$B$4:$I$35,8,FALSE) -> 30 min. | J25: Marbacher Ruderverein | L25: =2020-H25 -> 53
A26: 28 | C26: Öynhausen | D26: Jörg | E26: =VLOOKUP(A26,Ausschreibung!$B$4:$I$35,4,FALSE) -> Masters A-H, weiblich | F26: D | G26: =VLOOKUP(A26,Ausschreibung!$B$4:$I$35,6,FALSE) -> 27 und älter | H26: 1967 | I26: =VLOOKUP(A26,Ausschreibung!$B$4:$I$35,8,FALSE) -> 1000 m | J26: HRG Schwaben | L26: =2020-H26 -> 53
A27: 28 | C27: Heszler | D27: Peter | E27: =VLOOKUP(A27,Ausschreibung!$B$4:$I$35,4,FALSE) -> Masters A-H, weiblich | F27: D | G27: =VLOOKUP(A27,Ausschreibung!$B$4:$I$35,6,FALSE) -> 27 und älter | H27: 1967 | I27: =VLOOKUP(A27,Ausschreibung!$B$4:$I$35,8,FALSE) -> 1000 m | J27: RC Nürtingen | L27: =2020-H27 -> 53
A28: 2 | C28: Grünewald | D28: Christoph | E28: =VLOOKUP(A28,Ausschreibung!$B$4:$I$35,4,FALSE) -> Masters A-H, männlich | F28: D | G28: =VLOOKUP(A28,Ausschreibung!$B$4:$I$35,6,FALSE) -> 27 und älter | H28: 1968 | I28: =VLOOKUP(A28,Ausschreibung!$B$4:$I$35,8,FALSE) -> 30 min. | J28: Marbacher Ruderverein | L28: =2020-H28 -> 52
A29: 2 | C29: Rottler | D29: Christoph | E29: =VLOOKUP(A29,Ausschreibung!$B$4:$I$35,4,FALSE) -> Masters A-H, männlich | F29: D | G29: =VLOOKUP(A29,Ausschreibung!$B$4:$I$35,6,FALSE) -> 27 und älter | H29: 1968 | I29: =VLOOKUP(A29,Ausschreibung!$B$4:$I$35,8,FALSE) -> 30 min. | J29: HRG Schwaben | L29: =2020-H29 -> 52
A30: 2 | C30: Grün | D30: Michael | E30: =VLOOKUP(A30,Ausschreibung!$B$4:$I$35,4,FALSE) -> Masters A-H, männlich | F30: D | G30: =VLOOKUP(A30,Ausschreibung!$B$4:$I$35,6,FALSE) -> 27 und älter | H30: 1968 | I30: =VLOOKUP(A30,Ausschreibung!$B$4:$I$35,8,FALSE) -> 30 min. | J30: HRG Schwaben | L30: =2020-H30 -> 52
A31: 25 | C31: Grün | D31: Michael | E31: =VLOOKUP(A31,Ausschreibung!$B$4:$I$35,4,FALSE) -> Masters A-H, männlich | F31: D | G31: =VLOOKUP(A31,Ausschreibung!$B$4:$I$35,6,FALSE) -> 27 und älter | H31: 1968 | I31: =VLOOKUP(A31,Ausschreibung!$B$4:$I$35,8,FALSE) -> 2000 m | J31: HRG Schwaben | L31: =2020-H31 -> 52
A32: 2 | C32: Demmer | D32: Patrick | E32: =VLOOKUP(A32,Ausschreibung!$B$4:$I$35,4,FALSE) -> Masters A-H, männlich | F32: D | G32: =VLOOKUP(A32,Ausschreibung!$B$4:$I$35,6,FALSE) -> 27 und älter | H32: 1969 | I32: =VLOOKUP(A32,Ausschreibung!$B$4:$I$35,8,FALSE) -> 30 min. | J32: HRG Schwaben | L32: =2020-H32 -> 51
... A43: 28 | C43: Rebmann | D43: Sebastian | E43: =VLOOKUP(A43,Ausschreibung!$B$4:$I$35,4,FALSE) -> Masters A-H, weiblich | F43: C | G43: =VLOOKUP(A43,Ausschreibung!$B$4:$I$35,6,FALSE) -> 27 und älter | H43: 1976 | I43: =VLOOKUP(A43,Ausschreibung!$B$4:$I$35,8,FALSE) -> 1000 m | J43: Marbacher Ruderverein | L43: =2020-H43 -> 44
A44: 25 | B44: =VLOOKUP(A44,[1]Ausschreibung!$B$4:$I$35,2,FALSE) -> Ergocup | C44: Marx | D44: Johannes | E44: =VLOOKUP(A44,Ausschreibung!$B$4:$I$35,4,FALSE) -> Masters A-H, männlich | F44: E | G44: =VLOOKUP(A44,Ausschreibung!$B$4:$I$35,6,FALSE) -> 27 und älter | H44: 1979 | I44: =VLOOKUP(A44,Ausschreibung!$B$4:$I$35,8,FALSE) -> 2000 m | J44: RC Neptun Neckarelz | L44: =2020-H44 -> 41
A45: 2 | C45: Schönmann Fink | D45: Matthias | E45: =VLOOKUP(A45,Ausschreibung!$B$4:$I$35,4,FALSE) -> Masters A-H, männlich | F45: B | G45: =VLOOKUP(A45,Ausschreibung!$B$4:$I$35,6,FALSE) -> 27 und älter | H45: 1979 | I45: =VLOOKUP(A45,Ausschreibung!$B$4:$I$35,8,FALSE) -> 30 min. | J45: RC Neptun Neckarelz | L45: =2020-H45 -> 41
A46: 25 | C46: Schönmann Fink | D46: Matthias | E46: =VLOOKUP(A46,Ausschreibung!$B$4:$I$35,4,FALSE) -> Masters A-H, männlich | F46: B | G46: =VLOOKUP(A46,Ausschreibung!$B$4:$I$35,6,FALSE) -> 27 und älter | H46: 1979 | I46: =VLOOKUP(A46,Ausschreibung!$B$4:$I$35,8,FALSE) -> 2000 m | J46: RC Neptun Neckarelz | L46: =2020-H46 -> 41
A47: 23 | C47: Bogenschütz | D47: Benjamin | E47: =VLOOKUP(A47,Ausschreibung!$B$4:$I$35,4,FALSE) -> Senioren A | F47: =VLOOKUP(A47,Ausschreibung!$B$4:$I$35,5,FALSE) -> LGW. bis 75 kg | G47: =VLOOKUP(A47,Ausschreibung!$B$4:$I$35,6,FALSE) -> 19 und älter | H47: 1986 | I47: =VLOOKUP(A47,Ausschreibung!$B$4:$I$35,8,FALSE) -> 2000 m | J47: Stuttgarter RG | L47: =2020-H47 -> 34
A48: 28 | C48: Aydin | D48: Semih | E48: =VLOOKUP(A48,Ausschreibung!$B$4:$I$35,4,FALSE) -> Masters A-H, weiblich | F48: A | G48: =VLOOKUP(A48,Ausschreibung!$B$4:$I$35,6,FALSE) -> 27 und älter | H48: 1989 | I48: =VLOOKUP(A48,Ausschreibung!$B$4:$I$35,8,FALSE) -> 1000 m | J48: RC Nürtingen | L48: =2020-H48 -> 31
A49: 25 | C49: Häfner | D49: Christian | E49: =VLOOKUP(A49,Ausschreibung!$B$4:$I$35,4,FALSE) -> Masters A-H, männlich | F49: A | G49: =VLOOKUP(A49,Ausschreibung!$B$4:$I$35,6,FALSE) -> 27 und älter | H49: 1990 | I49: =VLOOKUP(A49,Ausschreibung!$B$4:$I$35,8,FALSE) -> 2000 m | J49: Ruderverein Bad Wimpfen | L49: =2020-H49 -> 30
A50: 16 | C50: Klinge | D50: Jens | E50: =VLOOKUP(A50,Ausschreibung!$B$4:$I$35,4,FALSE) -> Sprint männlich | F50: A | G50: =VLOOKUP(A50,Ausschreibung!$B$4:$I$35,6,FALSE) -> offen | H50: 1990 | I50: =VLOOKUP(A50,Ausschreibung!$B$4:$I$35,8,FALSE) -> 350 m | J50: HRG Schwaben | L50: =2020-H50 -> 30
A51: 24 | C51: Killinger | D51: Cornelius | E51: =VLOOKUP(A51,Ausschreibung!$B$4:$I$35,4,FALSE) -> Senioren A | F51: =VLOOKUP(A51,Ausschreibung!$B$4:$I$35,5,FALSE) -> - | G51: =VLOOKUP(A51,Ausschreibung!$B$4:$I$35,6,FALSE) -> 19 und älter | H51: 1992 | I51: =VLOOKUP(A51,Ausschreibung!$B$4:$I$35,8,FALSE) -> 2000 m | J51: Marbacher Ruderverein | L51: =2020-H51 -> 28
A52: 29 | C52: Killinger | D52: Cornelius/ | E52: =VLOOKUP(A52,Ausschreibung!$B$4:$I$35,4,FALSE) -> Mannschaft offen - 2 Personen | F52: =VLOOKUP(A52,Ausschreibung!$B$4:$I$35,5,FALSE) -> - | G52: =VLOOKUP(A52,Ausschreibung!$B$4:$I$35,6,FALSE) -> offen | H52: 1992 | I52: =VLOOKUP(A52,Ausschreibung!$B$4:$I$35,8,FALSE) -> 5000 m | J52: Marbacher Ruderverein | L52: =2020-H52 -> 28
A53: 16 | C53: Weiß | D53: Fabian | E53: =VLOOKUP(A53,Ausschreibung!$B$4:$I$35,4,FALSE) -> Sprint männlich | F53: A | G53: =VLOOKUP(A53,Ausschreibung!$B$4:$I$35,6,FALSE) -> offen | H53: 1992 | I53: =VLOOKUP(A53,Ausschreibung!$B$4:$I$35,8,FALSE) -> 350 m | J53: HRG Schwaben | L53: =2020-H53 -> 28
A54: 25 | C54: Weiß | D54: Fabian | E54: =VLOOKUP(A54,Ausschreibung!$B$4:$I$35,4,FALSE) -> Masters A-H, männlich | F54: A | G54: =VLOOKUP(A54,Ausschreibung!$B$4:$I$35,6,FALSE) -> 27 und älter | H54: 1992 | I54: =VLOOKUP(A54,Ausschreibung!$B$4:$I$35,8,FALSE) -> 2000 m | J54: HRG Schwaben | L54: =2020-H54 -> 28
A55: 22 | C55: Marquardt | D55: Linda | E55: =VLOOKUP(A55,Ausschreibung!$B$4:$I$35,4,FALSE) -> Seniorinnen A | F55: =VLOOKUP(A55,Ausschreibung!$B$4:$I$35,5,FALSE) -> - | G55: =VLOOKUP(A55,Ausschreibung!$B$4:$I$35,6,FALSE) -> 19 und älter | H55: 1995 | I55: =VLOOKUP(A55,Ausschreibung!$B$4:$I$35,8,FALSE) -> 2000 m | J55: Ruderverein Bad Wimpfen | L55: =2020-H55 -> 25
A56: 21 | C56: Leuter | D56: Nadine | E56: =VLOOKUP(A56,Ausschreibung!$B$4:$I$35,4,FALSE) -> Seniorinnen A | F56: =VLOOKUP(A56,Ausschreibung!$B$4:$I$35,5,FALSE) -> LGW. bis 61 kg | G56: =VLOOKUP(A56,Ausschreibung!$B$4:$I$35,6,FALSE) -> 19 und älter | H56: 1995 | I56: =VLOOKUP(A56,Ausschreibung!$B$4:$I$35,8,FALSE) -> 2000 m | J56: RV Waldsee | L56: =2020-H56 -> 25
A57: 29 | C57: Breitenbücher | D57: Michael | E57: =VLOOKUP(A57,Ausschreibung!$B$4:$I$35,4,FALSE) -> Mannschaft offen - 2 Personen | F57: =VLOOKUP(A57,Ausschreibung!$B$4:$I$35,5,FALSE) -> - | G57: =VLOOKUP(A57,Ausschreibung!$B$4:$I$35,6,FALSE) -> offen | H57: 1996 | I57: =VLOOKUP(A57,Ausschreibung!$B$4:$I$35,8,FALSE) -> 5000 m | J57: Marbacher Ruderverein | L57: =2020-H57 -> 24
A58: 24 | C58: Schmidt | D58: Jonas | E58: =VLOOKUP(A58,Ausschreibung!$B$4:$I$35,4,FALSE) -> Senioren A | F58: =VLOOKUP(A58,Ausschreibung!$B$4:$I$35,5,FALSE) -> - | G58: =VLOOKUP(A58,Ausschreibung!$B$4:$I$35,6,FALSE) -> 19 und älter | H58: 1997 | I58: =VLOOKUP(A58,Ausschreibung!$B$4:$I$35,8,FALSE) -> 2000 m | J58: Marbacher Ruderverein | L58: =2020-H58 -> 23
A59: 22 | C59: Jendrozek | D59: Luisa | E59: =VLOOKUP(A59,Ausschreibung!$B$4:$I$35,4,FALSE) -> Seniorinnen A | F59: =VLOOKUP(A59,Ausschreibung!$B$4:$I$35,5,FALSE) -> - | G59: =VLOOKUP(A59,Ausschreibung!$B$4:$I$35,6,FALSE) -> 19 und älter | H59: 1998 | I59: =VLOOKUP(A59,Ausschreibung!$B$4:$I$35,8,FALSE) -> 2000 m | J59: Stuttgarter RG | L59: =2020-H59 -> 22
A60: 23 | C60: Schneckenberger | D60: Lukas | E60: =VLOOKUP(A60,Ausschreibung!$B$4:$I$35,4,FALSE) -> Senioren A | F60: =VLOOKUP(A60,Ausschreibung!$B$4:$I$35,5,FALSE) -> LGW. bis 75 kg | G60: =VLOOKUP(A60,Ausschreibung!$B$4:$I$35,6,FALSE) -> 19 und älter | H60: 2000 | I60: =VLOOKUP(A60,Ausschreibung!$B$4:$I$35,8,FALSE) -> 2000 m | J60: RC Nürtingen | L60: =2020-H60 -> 20
A61: 21 | C61: Reimer | D61: Cathrin | E61: =VLOOKUP(A61,Ausschreibung!$B$4:$I$35,4,FALSE) -> Seniorinnen A | F61: =VLOOKUP(A61,Ausschreibung!$B$4:$I$35,5,FALSE) -> LGW. bis 61 kg | G61: =VLOOKUP(A61,Ausschreibung!$B$4:$I$35,6,FALSE) -> 19 und älter | H61: 2001 | I61: =VLOOKUP(A61,Ausschreibung!$B$4:$I$35,8,FALSE) -> 2000 m | J61: RV Waldsee | L61: =2020-H61 -> 19
A62: 23 | C62: Remelé | D62: Friedrich | E62: =VLOOKUP(A62,Ausschreibung!$B$4:$I$35,4,FALSE) -> Senioren A | F62: =VLOOKUP(A62,Ausschreibung!$B$4:$I$35,5,FALSE) -> LGW. bis 75 kg | G62: =VLOOKUP(A62,Ausschreibung!$B$4:$I$35,6,FALSE) -> 19 und älter | H62: 2001 | I62: =VLOOKUP(A62,Ausschreibung!$B$4:$I$35,8,FALSE) -> 2000 m | J62: Schweinfurter Ruder-Club Franken | L62: =2020-H62 -> 19
A63: 21 | C63: Outojane | D63: Hanaa | E63: =VLOOKUP(A63,Ausschreibung!$B$4:$I$35,4,FALSE) -> Seniorinnen A | F63: =VLOOKUP(A63,Ausschreibung!$B$4:$I$35,5,FALSE) -> LGW. bis 61 kg | G63: =VLOOKUP(A63,Ausschreibung!$B$4:$I$35,6,FALSE) -> 19 und älter | H63: 2001 | I63: =VLOOKUP(A63,Ausschreibung!$B$4:$I$35,8,FALSE) -> 2000 m | J63: RG Eberbach | L63: =2020-H63 -> 19
A64: 23 | C64: Stein | D64: Jonas | E64: =VLOOKUP(A64,Ausschreibung!$B$4:$I$35,4,FALSE) -> Senioren A | F64: =VLOOKUP(A64,Ausschreibung!$B$4:$I$35,5,FALSE) -> LGW. bis 75 kg | G64: =VLOOKUP(A64,Ausschreibung!$B$4:$I$35,6,FALSE) -> 19 und älter | H64: 2001 | I64: =VLOOKUP(A64,Ausschreibung!$B$4:$I$35,8,FALSE) -> 2000 m | J64: Marbacher Ruderverein | L64: =2020-H64 -> 19
A65: 22 | C65: Bergler | D65: Nils | E65: =VLOOKUP(A65,Ausschreibung!$B$4:$I$35,4,FALSE) -> Seniorinnen A | F65: =VLOOKUP(A65,Ausschreibung!$B$4:$I$35,5,FALSE) -> - | G65: =VLOOKUP(A65,Ausschreibung!$B$4:$I$35,6,FALSE) -> 19 und älter | H65: 2001 | I65: =VLOOKUP(A65,Ausschreibung!$B$4:$I$35,8,FALSE) -> 2000 m | J65: RG Eberbach | L65: =2020-H65 -> 19
A66: 20 | C66: Bachmann | D66: Julius | E66: =VLOOKUP(A66,Ausschreibung!$B$4:$I$35,4,FALSE) -> Junioren A U19 | F66: =VLOOKUP(A66,Ausschreibung!$B$4:$I$35,5,FALSE) -> - | G66: =VLOOKUP(A66,Ausschreibung!$B$4:$I$35,6,FALSE) -> 17-18 | H66: 2002 | I66: =VLOOKUP(A66,Ausschreibung!$B$4:$I$35,8,FALSE) -> 2000 m | J66: HRG Schwaben | L66: =2020-H66 -> 18
... A171: 4 | C171: Meyer | D171: Lars | E171: =VLOOKUP(A171,Ausschreibung!$B$4:$I$35,4,FALSE) -> Jungen U14 | F171: =VLOOKUP(A171,Ausschreibung!$B$4:$I$35,5,FALSE) -> - | G171: =VLOOKUP(A171,Ausschreibung!$B$4:$I$35,6,FALSE) -> 13 und jünger | H171: 2007 | I171: =VLOOKUP(A171,Ausschreibung!$B$4:$I$35,8,FALSE) -> 1000 m | J171: Rudergesellschaft Heidelberg | L171: =2020-H171 -> 13
L172: =2020-H172 -> 2020
A173: 4 | C173: Strahl | D173: Leander | E173: =VLOOKUP(A173,Ausschreibung!$B$4:$I$35,4,FALSE) -> Jungen U14 | F173: =VLOOKUP(A173,Ausschreibung!$B$4:$I$35,5,FALSE) -> - | G173: =VLOOKUP(A173,Ausschreibung!$B$4:$I$35,6,FALSE) -> 13 und jünger | H173: 2007 | I173: =VLOOKUP(A173,Ausschreibung!$B$4:$I$35,8,FALSE) -> 1000 m | J173: Schweinfurtrt Ruder-Club Franken | L173: =2020-H173 -> 13
A174: 3 | C174: Wieland | D174: Lennart | E174: =VLOOKUP(A174,Ausschreibung!$B$4:$I$35,4,FALSE) -> Jungen U14 | F174: =VLOOKUP(A174,Ausschreibung!$B$4:$I$35,5,FALSE) -> Lgw. bis 50 kg | G174: =VLOOKUP(A174,Ausschreibung!$B$4:$I$35,6,FALSE) -> 13 und jünger | H174: 2007 | I174: =VLOOKUP(A174,Ausschreibung!$B$4:$I$35,8,FALSE) -> 1000 m | J174: RV Waldsee | L174: =2020-H174 -> 13
A175: 4 | C175: Yilmaz | D175: Leon | E175: =VLOOKUP(A175,Ausschreibung!$B$4:$I$35,4,FALSE) -> Jungen U14 | F175: =VLOOKUP(A175,Ausschreibung!$B$4:$I$35,5,FALSE) -> - | G175: =VLOOKUP(A175,Ausschreibung!$B$4:$I$35,6,FALSE) -> 13 und jünger | H175: 2007 | I175: =VLOOKUP(A175,Ausschreibung!$B$4:$I$35,8,FALSE) -> 1000 m | J175: Stuttgart-Cannstatter RC | L175: =2020-H175 -> 13
A176: 3 | C176: Sprauer | D176: Levin | E176: =VLOOKUP(A176,Ausschreibung!$B$4:$I$35,4,FALSE) -> Jungen U14 | F176: =VLOOKUP(A176,Ausschreibung!$B$4:$I$35,5,FALSE) -> Lgw. bis 50 kg | G176: =VLOOKUP(A176,Ausschreibung!$B$4:$I$35,6,FALSE) -> 13 und jünger | H176: 2007 | I176: =VLOOKUP(A176,Ausschreibung!$B$4:$I$35,8,FALSE) -> 1000 m | J176: Mannheimer RV "Amicitia" | L176: =2020-H176 -> 13
A177: 6 | C177: Schulze | D177: Lisann | E177: =VLOOKUP(A177,Ausschreibung!$B$4:$I$35,4,FALSE) -> Mädchen U14 | F177: =VLOOKUP(A177,Ausschreibung!$B$4:$I$35,5,FALSE) -> - | G177: =VLOOKUP(A177,Ausschreibung!$B$4:$I$35,6,FALSE) -> 13 und jünger | H177: 2007 | I177: =VLOOKUP(A177,Ausschreibung!$B$4:$I$35,8,FALSE) -> 1000 m | J177: Mannheimer RV "Amicitia" | L177: =2020-H177 -> 13
A178: 3 | C178: Deuter | D178: Lucius | E178: =VLOOKUP(A178,Ausschreibung!$B$4:$I$35,4,FALSE) -> Jungen U14 | F178: =VLOOKUP(A178,Ausschreibung!$B$4:$I$35,5,FALSE) -> Lgw. bis 50 kg | G178: =VLOOKUP(A178,Ausschreibung!$B$4:$I$35,6,FALSE) -> 13 und jünger | H178: 2007 | I178: =VLOOKUP(A178,Ausschreibung!$B$4:$I$35,8,FALSE) -> 1000 m | J178: Mannheimer RV "Amicitia" | L178: =2020-H178 -> 13
A179: 6 | C179: Lehmann | D179: Madeleine | E179: =VLOOKUP(A179,Ausschreibung!$B$4:$I$35,4,FALSE) -> Mädchen U14 | F179: =VLOOKUP(A179,Ausschreibung!$B$4:$I$35,5,FALSE) -> - | G179: =VLOOKUP(A179,Ausschreibung!$B$4:$I$35,6,FALSE) -> 13 und jünger | H179: 2007 | I179: =VLOOKUP(A179,Ausschreibung!$B$4:$I$35,8,FALSE) -> 1000 m | J179: RV Waldsee | L179: =2020-H179 -> 13
A180: 3 | C180: Roob | D180: Milo | E180: =VLOOKUP(A180,Ausschreibung!$B$4:$I$35,4,FALSE) -> Jungen U14 | F180: =VLOOKUP(A180,Ausschreibung!$B$4:$I$35,5,FALSE) -> Lgw. bis 50 kg | G180: =VLOOKUP(A180,Ausschreibung!$B$4:$I$35,6,FALSE) -> 13 und jünger | H180: 2007 | I180: =VLOOKUP(A180,Ausschreibung!$B$4:$I$35,8,FALSE) -> 1000 m | J180: Mannheimer RV "Amicitia" | L180: =2020-H180 -> 13
A181: 4 | C181: Bitz | D181: Moritz | E181: =VLOOKUP(A181,Ausschreibung!$B$4:$I$35,4,FALSE) -> Jungen U14 | F181: =VLOOKUP(A181,Ausschreibung!$B$4:$I$35,5,FALSE) -> - | G181: =VLOOKUP(A181,Ausschreibung!$B$4:$I$35,6,FALSE) -> 13 und jünger | H181: 2007 | I181: =VLOOKUP(A181,Ausschreibung!$B$4:$I$35,8,FALSE) -> 1000 m | J181: Marbacher Ruderverein | L181: =2020-H181 -> 13
A182: 4 | C182: Krausch | D182: Philipp | E182: =VLOOKUP(A182,Ausschreibung!$B$4:$I$35,4,FALSE) -> Jungen U14 | F182: =VLOOKUP(A182,Ausschreibung!$B$4:$I$35,5,FALSE) -> - | G182: =VLOOKUP(A182,Ausschreibung!$B$4:$I$35,6,FALSE) -> 13 und jünger | H182: 2007 | I182: =VLOOKUP(A182,Ausschreibung!$B$4:$I$35,8,FALSE) -> 1000 m | J182: Heidelberger Ruderklub | L182: =2020-H182 -> 13
A183: 4 | C183: Schilling | D183: Philipp | E183: =VLOOKUP(A183,Ausschreibung!$B$4:$I$35,4,FALSE) -> Jungen U14 | F183: =VLOOKUP(A183,Ausschreibung!$B$4:$I$35,5,FALSE) -> - | G183: =VLOOKUP(A183,Ausschreibung!$B$4:$I$35,6,FALSE) -> 13 und jünger | H183: 2007 | I183: =VLOOKUP(A183,Ausschreibung!$B$4:$I$35,8,FALSE) -> 1000 m | J183: Heidelberger Ruderklub | L183: =2020-H183 -> 13
A184: 4 | C184: Calovini | D184: Samuel | E184: =VLOOKUP(A184,Ausschreibung!$B$4:$I$35,4,FALSE) -> Jungen U14 | F184: =VLOOKUP(A184,Ausschreibung!$B$4:$I$35,5,FALSE) -> - | G184: =VLOOKUP(A184,Ausschreibung!$B$4:$I$35,6,FALSE) -> 13 und jünger | H184: 2007 | I184: =VLOOKUP(A184,Ausschreibung!$B$4:$I$35,8,FALSE) -> 1000 m | J184: Marbacher Ruderverein | L184: =2020-H184 -> 13
... A194: 3 | C194: Rebmann | D194: Florentin | E194: =VLOOKUP(A194,Ausschreibung!$B$4:$I$35,4,FALSE) -> Jungen U14 | F194: =VLOOKUP(A194,Ausschreibung!$B$4:$I$35,5,FALSE) -> Lgw. bis 50 kg | G194: =VLOOKUP(A194,Ausschreibung!$B$4:$I$35,6,FALSE) -> 13 und jünger | H194: 2010 | I194: =VLOOKUP(A194,Ausschreibung!$B$4:$I$35,8,FALSE) -> 1000 m | J194: Marbacher Ruderverein | L194: =2020-H194 -> 10
A195: 1 | C195: Munke | D195: Steffi | E195: =VLOOKUP(A195,Ausschreibung!$B$4:$I$35,4,FALSE) -> Masters A-H, weiblich | F195: D | G195: =VLOOKUP(A195,Ausschreibung!$B$4:$I$35,6,FALSE) -> 27 und älter | H195: 1968 | I195: =VLOOKUP(A195,Ausschreibung!$B$4:$I$35,8,FALSE) -> 30 min. | J195: WSV Schifferclub Neckarrems | L195: =2020-H195 -> 52
A196: 1 | C196: Wöppel | D196: Stefanie | E196: =VLOOKUP(A196,Ausschreibung!$B$4:$I$35,4,FALSE) -> Masters A-H, weiblich | F196: C | G196: =VLOOKUP(A196,Ausschreibung!$B$4:$I$35,6,FALSE) -> 27 und älter | H196: 1971 | I196: =VLOOKUP(A196,Ausschreibung!$B$4:$I$35,8,FALSE) -> 30 min. | J196: WSV Schifferclub Neckarrems | L196: =2020-H196 -> 49
A197: 2 | C197: Wöppel | D197: Stefan | E197: =VLOOKUP(A197,Ausschreibung!$B$4:$I$35,4,FALSE) -> Masters A-H, männlich | F197: D | G197: =VLOOKUP(A197,Ausschreibung!$B$4:$I$35,6,FALSE) -> 27 und älter | H197: 1967 | I197: =VLOOKUP(A197,Ausschreibung!$B$4:$I$35,8,FALSE) -> 30 min. | J197: WSV Schifferclub Neckarrems | L197: =2020-H197 -> 53
A198: 2 | C198: Lentner | D198: Bernhard | E198: =VLOOKUP(A198,Ausschreibung!$B$4:$I$35,4,FALSE) -> Masters A-H, männlich | F198: F | G198: =VLOOKUP(A198,Ausschreibung!$B$4:$I$35,6,FALSE) -> 27 und älter | H198: 1959 | I198: =VLOOKUP(A198,Ausschreibung!$B$4:$I$35,8,FALSE) -> 30 min. | J198: WSV Schifferclub Neckarrems | L198: =2020-H198 -> 61
A199: 3 | C199: Sigloch | D199: Malte | E199: =VLOOKUP(A199,Ausschreibung!$B$4:$I$35,4,FALSE) -> Jungen U14 | F199: =VLOOKUP(A199,Ausschreibung!$B$4:$I$35,5,FALSE) -> Lgw. bis 50 kg | G199: =VLOOKUP(A199,Ausschreibung!$B$4:$I$35,6,FALSE) -> 13 und jünger | H199: 2008 | I199: =VLOOKUP(A199,Ausschreibung!$B$4:$I$35,8,FALSE) -> 1000 m | J199: WSV Schifferclub Neckarrems | L199: =2020-H199 -> 12
A200: 9 | C200: Hinderer | D200: Len | E200: =VLOOKUP(A200,Ausschreibung!$B$4:$I$35,4,FALSE) -> Jungen U15 | F200: =VLOOKUP(A200,Ausschreibung!$B$4:$I$35,5,FALSE) -> Lgw. bis 55 kg | G200: =VLOOKUP(A200,Ausschreibung!$B$4:$I$35,6,FALSE) -> 14 | H200: 2006 | I200: =VLOOKUP(A200,Ausschreibung!$B$4:$I$35,8,FALSE) -> 1000 m | J200: WSV Schifferclub Neckarrems | L200: =2020-H200 -> 14
A201: 9 | C201: Wöppel | D201: Marius | E201: =VLOOKUP(A201,Ausschreibung!$B$4:$I$35,4,FALSE) -> Jungen U15 | F201: =VLOOKUP(A201,Ausschreibung!$B$4:$I$35,5,FALSE) -> Lgw. bis 55 kg | G201: =VLOOKUP(A201,Ausschreibung!$B$4:$I$35,6,FALSE) -> 14 | H201: 2006 | I201: =VLOOKUP(A201,Ausschreibung!$B$4:$I$35,8,FALSE) -> 1000 m | J201: WSV Schifferclub Neckarrems | L201: =2020-H201 -> 14
A202: 10 | C202: Wagner | D202: Philippe | E202: =VLOOKUP(A202,Ausschreibung!$B$4:$I$35,4,FALSE) -> Jungen U15 | F202: =VLOOKUP(A202,Ausschreibung!$B$4:$I$35,5,FALSE) -> - | G202: =VLOOKUP(A202,Ausschreibung!$B$4:$I$35,6,FALSE) -> 14 | H202: 2006 | I202: =VLOOKUP(A202,Ausschreibung!$B$4:$I$35,8,FALSE) -> 1000 m | J202: WSV Schifferclub Neckarrems | L202: =2020-H202 -> 14
A203: 10 | C203: Theurer | D203: Moritz | E203: =VLOOKUP(A203,Ausschreibung!$B$4:$I$35,4,FALSE) -> Jungen U15 | F203: =VLOOKUP(A203,Ausschreibung!$B$4:$I$35,5,FALSE) -> - | G203: =VLOOKUP(A203,Ausschreibung!$B$4:$I$35,6,FALSE) -> 14 | H203: 2006 | I203: =VLOOKUP(A203,Ausschreibung!$B$4:$I$35,8,FALSE) -> 1000 m | J203: WSV Schifferclub Neckarrems | L203: =2020-H203 -> 14
A204: 13 | C204: Schupp | D204: Malthe | E204: =VLOOKUP(A204,Ausschreibung!$B$4:$I$35,4,FALSE) -> Junioren B U17 | F204: =VLOOKUP(A204,Ausschreibung!$B$4:$I$35,5,FALSE) -> Lgw. bis 67,5kg | G204: =VLOOKUP(A204,Ausschreibung!$B$4:$I$35,6,FALSE) -> 15-16 | H204: 2004 | I204: =VLOOKUP(A204,Ausschreibung!$B$4:$I$35,8,FALSE) -> 1500 m | J204: WSV Schifferclub Neckarrems | L204: =2020-H204 -> 16
A205: 15 | C205: Munke | D205: Steffi | E205: =VLOOKUP(A205,Ausschreibung!$B$4:$I$35,4,FALSE) -> Sprint weiblich | F205: =VLOOKUP(A205,Ausschreibung!$B$4:$I$35,5,FALSE) -> - | G205: =VLOOKUP(A205,Ausschreibung!$B$4:$I$35,6,FALSE) -> offen | H205: 1968 | I205: =VLOOKUP(A205,Ausschreibung!$B$4:$I$35,8,FALSE) -> 350 m | J205: WSV Schifferclub Neckarrems | L205: =2020-H205 -> 52
A206: 15 | C206: Wöppel | D206: Stefanie | E206: =VLOOKUP(A206,Ausschreibung!$B$4:$I$35,4,FALSE) -> Sprint weiblich | F206: =VLOOKUP(A206,Ausschreibung!$B$4:$I$35,5,FALSE) -> - | G206: =VLOOKUP(A206,Ausschreibung!$B$4:$I$35,6,FALSE) -> offen | H206: 1971 | I206: =VLOOKUP(A206,Ausschreibung!$B$4:$I$35,8,FALSE) -> 350 m | J206: WSV Schifferclub Neckarrems | L206: =2020-H206 -> 49
A207: 16 | C207: Wöppel | D207: Stefan | E207: =VLOOKUP(A207,Ausschreibung!$B$4:$I$35,4,FALSE) -> Sprint männlich | F207: =VLOOKUP(A207,Ausschreibung!$B$4:$I$35,5,FALSE) -> - | G207: =VLOOKUP(A207,Ausschreibung!$B$4:$I$35,6,FALSE) -> offen | H207: 1967 | I207: =VLOOKUP(A207,Ausschreibung!$B$4:$I$35,8,FALSE) -> 350 m | J207: WSV Schifferclub Neckarrems | L207: =2020-H207 -> 53
A208: 16 | C208: Schupp | D208: Malthe | E208: =VLOOKUP(A208,Ausschreibung!$B$4:$I$35,4,FALSE) -> Sprint männlich | F208: =VLOOKUP(A208,Ausschreibung!$B$4:$I$35,5,FALSE) -> - | G208: =VLOOKUP(A208,Ausschreibung!$B$4:$I$35,6,FALSE) -> offen | H208: 2004 | I208: =VLOOKUP(A208,Ausschreibung!$B$4:$I$35,8,FALSE) -> 350 m | J208: WSV Schifferclub Neckarrems | L208: =2020-H208 -> 16
A209: 29 | C209: Grün | D209: Michael | E209: =VLOOKUP(A209,Ausschreibung!$B$4:$I$35,4,FALSE) -> Mannschaft offen - 2 Personen | F209: =VLOOKUP(A209,Ausschreibung!$B$4:$I$35,5,FALSE) -> - | G209: =VLOOKUP(A209,Ausschreibung!$B$4:$I$35,6,FALSE) -> offen | H209: 1961 | I209: =VLOOKUP(A209,Ausschreibung!$B$4:$I$35,8,FALSE) -> 5000 m | J209: HRG Schwaben | K209: JA | L209: =2020-H209 -> 59
A210: 29 | C210: Kern | D210: Maximilian | E210: =VLOOKUP(A210,Ausschreibung!$B$4:$I$35,4,FALSE) -> Mannschaft offen - 2 Personen | F210: =VLOOKUP(A210,Ausschreibung!$B$4:$I$35,5,FALSE) -> - | G210: =VLOOKUP(A210,Ausschreibung!$B$4:$I$35,6,FALSE) -> offen | H210: 2001 | I210: =VLOOKUP(A210,Ausschreibung!$B$4:$I$35,8,FALSE) -> 5000 m | J210: HRG Schwaben | K210: JA | L210: =2020-H210 -> 19
A211: 13 | C211: Haag | D211: Felix | E211: =VLOOKUP(A211,Ausschreibung!$B$4:$I$35,4,FALSE) -> Junioren B U17 | F211: =VLOOKUP(A211,Ausschreibung!$B$4:$I$35,5,FALSE) -> Lgw. bis 67,5kg | G211: =VLOOKUP(A211,Ausschreibung!$B$4:$I$35,6,FALSE) -> 15-16 | H211: 2004 | I211: =VLOOKUP(A211,Ausschreibung!$B$4:$I$35,8,FALSE) -> 1500 m | J211: Marbacher Ruderverein | K211: JA | L211: =2020-H211 -> 16
E212: =VLOOKUP(A212,Ausschreibung!$B$4:$I$35,4,FALSE) -> #N/A | F212: =VLOOKUP(A212,Ausschreibung!$B$4:$I$35,5,FALSE) -> #N/A | G212: =VLOOKUP(A212,Ausschreibung!$B$4:$I$35,6,FALSE) -> #N/A | I212: =VLOOKUP(A212,Ausschreibung!$B$4:$I$35,8,FALSE) -> #N/A | L212: =2020-H212 -> 2020
E213: =VLOOKUP(A213,Ausschreibung!$B$4:$I$35,4,FALSE) -> #N/A | F213: =VLOOKUP(A213,Ausschreibung!$B$4:$I$35,5,FALSE) -> #N/A | G213: =VLOOKUP(A213,Ausschreibung!$B$4:$I$35,6,FALSE) -> #N/A | I213: =VLOOKUP(A213,Ausschreibung!$B$4:$I$35,8,FALSE) -> #N/A | L213: =2020-H213 -> 2020
E214: =VLOOKUP(A214,Ausschreibung!$B$4:$I$35,4,FALSE) -> #N/A | F214: =VLOOKUP(A214,Ausschreibung!$B$4:$I$35,5,FALSE) -> #N/A | G214: =VLOOKUP(A214,Ausschreibung!$B$4:$I$35,6,FALSE) -> #N/A | I214: =VLOOKUP(A214,Ausschreibung!$B$4:$I$35,8,FALSE) -> #N/A | L214: =2020-H214 -> 2020
E215: =VLOOKUP(A215,Ausschreibung!$B$4:$I$35,4,FALSE) -> #N/A | F215: =VLOOKUP(A215,Ausschreibung!$B$4:$I$35,5,FALSE) -> #N/A | G215: =VLOOKUP(A215,Ausschreibung!$B$4:$I$35,6,FALSE) -> #N/A | I215: =VLOOKUP(A215,Ausschreibung!$B$4:$I$35,8,FALSE) -> #N/A | L215: =2020-H215 -> 2020
E216: =VLOOKUP(A216,Ausschreibung!$B$4:$I$35,4,FALSE) -> #N/A | F216: =VLOOKUP(A216,Ausschreibung!$B$4:$I$35,5,FALSE) -> #N/A | G216: =VLOOKUP(A216,Ausschreibung!$B$4:$I$35,6,FALSE) -> #N/A | I216: =VLOOKUP(A216,Ausschreibung!$B$4:$I$35,8,FALSE) -> #N/A | L216: =2020-H216 -> 2020
E217: =VLOOKUP(A217,Ausschreibung!$B$4:$I$35,4,FALSE) -> #N/A | F217: =VLOOKUP(A217,Ausschreibung!$B$4:$I$35,5,FALSE) -> #N/A | G217: =VLOOKUP(A217,Ausschreibung!$B$4:$I$35,6,FALSE) -> #N/A | I217: =VLOOKUP(A217,Ausschreibung!$B$4:$I$35,8,FALSE) -> #N/A | L217: =2020-H217 -> 2020
E218: =VLOOKUP(A218,Ausschreibung!$B$4:$I$35,4,FALSE) -> #N/A | F218: =VLOOKUP(A218,Ausschreibung!$B$4:$I$35,5,FALSE) -> #N/A | G218: =VLOOKUP(A218,Ausschreibung!$B$4:$I$35,6,FALSE) -> #N/A | I218: =VLOOKUP(A218,Ausschreibung!$B$4:$I$35,8,FALSE) -> #N/A | L218: =2020-H218 -> 2020
E219: =VLOOKUP(A219,Ausschreibung!$B$4:$I$35,4,FALSE) -> #N/A | F219: =VLOOKUP(A219,Ausschreibung!$B$4:$I$35,5,FALSE) -> #N/A | G219: =VLOOKUP(A219,Ausschreibung!$B$4:$I$35,6,FALSE) -> #N/A | I219: =VLOOKUP(A219,Ausschreibung!$B$4:$I$35,8,FALSE) -> #N/A | L219: =2020-H219 -> 2020
E220: =VLOOKUP(A220,Ausschreibung!$B$4:$I$35,4,FALSE) -> #N/A | F220: =VLOOKUP(A220,Ausschreibung!$B$4:$I$35,5,FALSE) -> #N/A | G220: =VLOOKUP(A220,Ausschreibung!$B$4:$I$35,6,FALSE) -> #N/A | I220: =VLOOKUP(A220,Ausschreibung!$B$4:$I$35,8,FALSE) -> #N/A | L220: =2020-H220 -> 2020
E221: =VLOOKUP(A221,Ausschreibung!$B$4:$I$35,4,FALSE) -> #N/A | F221: =VLOOKUP(A221,Ausschreibung!$B$4:$I$35,5,FALSE) -> #N/A | G221: =VLOOKUP(A221,Ausschreibung!$B$4:$I$35,6,FALSE) -> #N/A | I221: =VLOOKUP(A221,Ausschreibung!$B$4:$I$35,8,FALSE) -> #N/A | L221: =2020-H221 -> 2020
E222: =VLOOKUP(A222,Ausschreibung!$B$4:$I$35,4,FALSE) -> #N/A | F222: =VLOOKUP(A222,Ausschreibung!$B$4:$I$35,5,FALSE) -> #N/A | G222: =VLOOKUP(A222,Ausschreibung!$B$4:$I$35,6,FALSE) -> #N/A | I222: =VLOOKUP(A222,Ausschreibung!$B$4:$I$35,8,FALSE) -> #N/A | L222: =2020-H222 -> 2020
E223: =VLOOKUP(A223,Ausschreibung!$B$4:$I$35,4,FALSE) -> #N/A | F223: =VLOOKUP(A223,Ausschreibung!$B$4:$I$35,5,FALSE) -> #N/A | G223: =VLOOKUP(A223,Ausschreibung!$B$4:$I$35,6,FALSE) -> #N/A | I223: =VLOOKUP(A223,Ausschreibung!$B$4:$I$35,8,FALSE) -> #N/A | L223: =2020-H223 -> 2020
... E351: =VLOOKUP(A351,Ausschreibung!$B$4:$I$35,4,FALSE) -> #N/A | F351: =VLOOKUP(A351,Ausschreibung!$B$4:$I$35,5,FALSE) -> #N/A | G351: =VLOOKUP(A351,Ausschreibung!$B$4:$I$35,6,FALSE) -> #N/A | I351: =VLOOKUP(A351,Ausschreibung!$B$4:$I$35,8,FALSE) -> #N/A | L351: =2020-H351 -> 2020
B352: =VLOOKUP(A352,Ausschreibung!$B$4:$I$35,2,FALSE) -> #N/A | E352: =VLOOKUP(A352,Ausschreibung!$B$4:$I$35,4,FALSE) -> #N/A | F352: =VLOOKUP(A352,Ausschreibung!$B$4:$I$35,5,FALSE) -> #N/A | G352: =VLOOKUP(A352,Ausschreibung!$B$4:$I$35,6,FALSE) -> #N/A | I352: =VLOOKUP(A352,Ausschreibung!$B$4:$I$35,8,FALSE) -> #N/A | L352: =2020-H352 -> 2020
B353: =VLOOKUP(A353,Ausschreibung!$B$4:$I$35,2,FALSE) -> #N/A | E353: =VLOOKUP(A353,Ausschreibung!$B$4:$I$35,4,FALSE) -> #N/A | F353: =VLOOKUP(A353,Ausschreibung!$B$4:$I$35,5,FALSE) -> #N/A | G353: =VLOOKUP(A353,Ausschreibung!$B$4:$I$35,6,FALSE) -> #N/A | I353: =VLOOKUP(A353,Ausschreibung!$B$4:$I$35,8,FALSE) -> #N/A | L353: =2020-H353 -> 2020
B354: =VLOOKUP(A354,Ausschreibung!$B$4:$I$35,2,FALSE) -> #N/A | E354: =VLOOKUP(A354,Ausschreibung!$B$4:$I$35,4,FALSE) -> #N/A | F354: =VLOOKUP(A354,Ausschreibung!$B$4:$I$35,5,FALSE) -> #N/A | G354: =VLOOKUP(A354,Ausschreibung!$B$4:$I$35,6,FALSE) -> #N/A | I354: =VLOOKUP(A354,Ausschreibung!$B$4:$I$35,8,FALSE) -> #N/A | L354: =2020-H354 -> 2020
B355: =VLOOKUP(A355,Ausschreibung!$B$4:$I$35,2,FALSE) -> #N/A | E355: =VLOOKUP(A355,Ausschreibung!$B$4:$I$35,4,FALSE) -> #N/A | F355: =VLOOKUP(A355,Ausschreibung!$B$4:$I$35,5,FALSE) -> #N/A | G355: =VLOOKUP(A355,Ausschreibung!$B$4:$I$35,6,FALSE) -> #N/A | I355: =VLOOKUP(A355,Ausschreibung!$B$4:$I$35,8,FALSE) -> #N/A | L355: =2020-H355 -> 2020
...

Sheet Rennlisten
B1: 1 | C1: 2 | D1: 3 | E1: 4 | F1: 5 | G1: 6 | H1: 7 | I1: 8 | K1: 9
B2: Rennliste ERGOCUP 2020
B3: Rennen | C3: Wettbewerb | D3: Startzeit | E3: Rennen | F3: Klasse
B4: 1 | C4: =VLOOKUP(B4,Ausschreibung!$B$5:$I$35,2,FALSE) -> Ergocup | D4: =VLOOKUP(B4,Ausschreibung!$B$5:$I$35,3,FALSE) -> 0.375 | E4: Masters A-H, weiblich, 30 Min. | F4: =VLOOKUP(B4,Ausschreibung!$B$5:$I$35,5,FALSE) -> - | G4: =VLOOKUP(B4,Ausschreibung!$B$5:$I$35,6,FALSE) -> 27 und älter | H4: =VLOOKUP(B4,Ausschreibung!$B$5:$I$35,8,FALSE) -> 30 min.
B5: Name | C5: Vorname | D5: Jhg | E5: Klasse | F5: Ergonummer | G5: Ergebnis | H5: Platzierung | I5: Verein
B6: {=IF(ISERROR(INDEX('Eingabe Meldungen'!$C$2:$C$492,LARGE(('Eingabe Meldungen'!$A$2:$A$492=$B$4)*(ROW('Eingabe Meldungen'!$A$2:$A$492)-1),COUNTIF('Eingabe Meldungen'!$A$2:$A$492,$B$4)+1-ROW('Eingabe Meldungen'!A1)))),"",INDEX('Eingabe Meldungen'!$C$2:$C$492,LARGE(('Eingabe Meldungen'!$A$2:$A$492=$B$4)*(ROW('Eingabe Meldungen'!$A$2:$A$492)-1),COUNTIF('Eingabe Meldungen'!$A$2:$A$492,$B$4)+1-ROW('Eingabe Meldungen'!A1))))} -> Reinert | C6: {=IF(ISERROR(INDEX('Eingabe Meldungen'!$D$2:$D$492,LARGE(('Eingabe Meldungen'!$A$2:$A$492=$B$4)*(ROW('Eingabe Meldungen'!$A$2:$A$492)-1),COUNTIF('Eingabe Meldungen'!$A$2:$A$492,$B$4)+1-ROW('Eingabe Meldungen'!A1)))),"",INDEX('Eingabe Meldungen'!$D$2:$D$492,LARGE(('Eingabe Meldungen'!$A$2:$A$492=$B$4)*(ROW('Eingabe Meldungen'!$A$2:$A$492)-1),COUNTIF('Eingabe Meldungen'!$A$2:$A$492,$B$4)+1-ROW('Eingabe Meldungen'!A1))))} -> Ingrid | D6: {=IF(B6<>"",INDEX('Eingabe Meldungen'!$C$2:$H$492,MATCH(B6&C6,'Eingabe Meldungen'!$C$2:$C$492&'Eingabe Meldungen'!$D$2:$D$492,0),6),"")} -> 1960 | E6: {=IF(B6<>"",INDEX('Eingabe Meldungen'!$C$2:$H$492,MATCH(B6&C6,'Eingabe Meldungen'!$C$2:$C$492&'Eingabe Meldungen'!$D$2:$D$492,0),4),"")} -> F | F6: 1 | H6: =RANK(G6,$G$6:$G$18,1) -> #N/A | I6: {=IF(B6<>"",INDEX('Eingabe Meldungen'!$C$2:$J$492,MATCH(B6&C6,'Eingabe Meldungen'!$C$2:$C$492&'Eingabe Meldungen'!$D$2:$D$492,0),8),"")} -> HRG Schwaben
B7: {=IF(ISERROR(INDEX('Eingabe Meldungen'!$C$2:$C$492,LARGE(('Eingabe Meldungen'!$A$2:$A$492=$B$4)*(ROW('Eingabe Meldungen'!$A$2:$A$492)-1),COUNTIF('Eingabe Meldungen'!$A$2:$A$492,$B$4)+1-ROW('Eingabe Meldungen'!A2)))),"",INDEX('Eingabe Meldungen'!$C$2:$C$492,LARGE(('Eingabe Meldungen'!$A$2:$A$492=$B$4)*(ROW('Eingabe Meldungen'!$A$2:$A$492)-1),COUNTIF('Eingabe Meldungen'!$A$2:$A$492,$B$4)+1-ROW('Eingabe Meldungen'!A2))))} -> Schmidt | C7: {=IF(ISERROR(INDEX('Eingabe Meldungen'!$D$2:$D$492,LARGE(('Eingabe Meldungen'!$A$2:$A$492=$B$4)*(ROW('Eingabe Meldungen'!$A$2:$A$492)-1),COUNTIF('Eingabe Meldungen'!$A$2:$A$492,$B$4)+1-ROW('Eingabe Meldungen'!A2)))),"",INDEX('Eingabe Meldungen'!$D$2:$D$492,LARGE(('Eingabe Meldungen'!$A$2:$A$492=$B$4)*(ROW('Eingabe Meldungen'!$A$2:$A$492)-1),COUNTIF('Eingabe Meldungen'!$A$2:$A$492,$B$4)+1-ROW('Eingabe Meldungen'!A2))))} -> Henriette | D7: {=IF(B7<>"",INDEX('Eingabe Meldungen'!$C$2:$H$492,MATCH(B7&C7,'Eingabe Meldungen'!$C$2:$C$492&'Eingabe Meldungen'!$D$2:$D$492,0),6),"")} -> 1965 | E7: E | F7: 2 | H7: =RANK(G7,$G$6:$G$18,1) -> #N/A | I7: {=IF(B7<>"",INDEX('Eingabe Meldungen'!$C$2:$J$492,MATCH(B7&C7,'Eingabe Meldungen'!$C$2:$C$492&'Eingabe Meldungen'!$D$2:$D$492,0),8),"")} -> Marbacher Ruderverein
B8: {=IF(ISERROR(INDEX('Eingabe Meldungen'!$C$2:$C$492,LARGE(('Eingabe Meldungen'!$A$2:$A$492=$B$4)*(ROW('Eingabe Meldungen'!$A$2:$A$492)-1),COUNTIF('Eingabe Meldungen'!$A$2:$A$492,$B$4)+1-ROW('Eingabe Meldungen'!A3)))),"",INDEX('Eingabe Meldungen'!$C$2:$C$492,LARGE(('Eingabe Meldungen'!$A$2:$A$492=$B$4)*(ROW('Eingabe Meldungen'!$A$2:$A$492)-1),COUNTIF('Eingabe Meldungen'!$A$2:$A$492,$B$4)+1-ROW('Eingabe Meldungen'!A3))))} -> Young | C8: {=IF(ISERROR(INDEX('Eingabe Meldungen'!$D$2:$D$492,LARGE(('Eingabe Meldungen'!$A$2:$A$492=$B$4)*(ROW('Eingabe Meldungen'!$A$2:$A$492)-1),COUNTIF('Eingabe Meldungen'!$A$2:$A$492,$B$4)+1-ROW('Eingabe Meldungen'!A3)))),"",INDEX('Eingabe Meldungen'!$D$2:$D$492,LARGE(('Eingabe Meldungen'!$A$2:$A$492=$B$4)*(ROW('Eingabe Meldungen'!$A$2:$A$492)-1),COUNTIF('Eingabe Meldungen'!$A$2:$A$492,$B$4)+1-ROW('Eingabe Meldungen'!A3))))} -> Susan | D8: {=IF(B8<>"",INDEX('Eingabe Meldungen'!$C$2:$H$492,MATCH(B8&C8,'Eingabe Meldungen'!$C$2:$C$492&'Eingabe Meldungen'!$D$2:$D$492,0),6),"")} -> 1965 | E8: E | F8: 3 | H8: =RANK(G8,$G$6:$G$18,1) -> #N/A | I8: {=IF(B8<>"",INDEX('Eingabe Meldungen'!$C$2:$J$492,MATCH(B8&C8,'Eingabe Meldungen'!$C$2:$C$492&'Eingabe Meldungen'!$D$2:$D$492,0),8),"")} -> Sub7 IRC
B9: {=IF(ISERROR(INDEX('Eingabe Meldungen'!$C$2:$C$492,LARGE(('Eingabe Meldungen'!$A$2:$A$492=$B$4)*(ROW('Eingabe Meldungen'!$A$2:$A$492)-1),COUNTIF('Eingabe Meldungen'!$A$2:$A$492,$B$4)+1-ROW('Eingabe Meldungen'!A4)))),"",INDEX('Eingabe Meldungen'!$C$2:$C$492,LARGE(('Eingabe Meldungen'!$A$2:$A$492=$B$4)*(ROW('Eingabe Meldungen'!$A$2:$A$492)-1),COUNTIF('Eingabe Meldungen'!$A$2:$A$492,$B$4)+1-ROW('Eingabe Meldungen'!A4))))} -> Breitenbücher | C9: {=IF(ISERROR(INDEX('Eingabe Meldungen'!$D$2:$D$492,LARGE(('Eingabe Meldungen'!$A$2:$A$492=$B$4)*(ROW('Eingabe Meldungen'!$A$2:$A$492)-1),COUNTIF('Eingabe Meldungen'!$A$2:$A$492,$B$4)+1-ROW('Eingabe Meldungen'!A4)))),"",INDEX('Eingabe Meldungen'!$D$2:$D$492,LARGE(('Eingabe Meldungen'!$A$2:$A$492=$B$4)*(ROW('Eingabe Meldungen'!$A$2:$A$492)-1),COUNTIF('Eingabe Meldungen'!$A$2:$A$492,$B$4)+1-ROW('Eingabe Meldungen'!A4))))} -> Heike | D9: {=IF(B9<>"",INDEX('Eingabe Meldungen'!$C$2:$H$492,MATCH(B9&C9,'Eingabe Meldungen'!$C$2:$C$492&'Eingabe Meldungen'!$D$2:$D$492,0),6),"")} -> 1967 | E9: {=IF(B9<>"",INDEX('Eingabe Meldungen'!$C$2:$H$492,MATCH(B9&C9,'Eingabe Meldungen'!$C$2:$C$492&'Eingabe Meldungen'!$D$2:$D$492,0),4),"")} -> D | F9: 4 | H9: =RANK(G9,$G$6:$G$18,1) -> #N/A | I9: {=IF(B9<>"",INDEX('Eingabe Meldungen'!$C$2:$J$492,MATCH(B9&C9,'Eingabe Meldungen'!$C$2:$C$492&'Eingabe Meldungen'!$D$2:$D$492,0),8),"")} -> Marbacher Ruderverein
B10: {=IF(ISERROR(INDEX('Eingabe Meldungen'!$C$2:$C$492,LARGE(('Eingabe Meldungen'!$A$2:$A$492=$B$4)*(ROW('Eingabe Meldungen'!$A$2:$A$492)-1),COUNTIF('Eingabe Meldungen'!$A$2:$A$492,$B$4)+1-ROW('Eingabe Meldungen'!A5)))),"",INDEX('Eingabe Meldungen'!$C$2:$C$492,LARGE(('Eingabe Meldungen'!$A$2:$A$492=$B$4)*(ROW('Eingabe Meldungen'!$A$2:$A$492)-1),COUNTIF('Eingabe Meldungen'!$A$2:$A$492,$B$4)+1-ROW('Eingabe Meldungen'!A5))))} -> Schmidt | C10: {=IF(ISERROR(INDEX('Eingabe Meldungen'!$D$2:$D$492,LARGE(('Eingabe Meldungen'!$A$2:$A$492=$B$4)*(ROW('Eingabe Meldungen'!$A$2:$A$492)-1),COUNTIF('Eingabe Meldungen'!$A$2:$A$492,$B$4)+1-ROW('Eingabe Meldungen'!A5)))),"",INDEX('Eingabe Meldungen'!$D$2:$D$492,LARGE(('Eingabe Meldungen'!$A$2:$A$492=$B$4)*(ROW('Eingabe Meldungen'!$A$2:$A$492)-1),COUNTIF('Eingabe Meldungen'!$A$2:$A$492,$B$4)+1-ROW('Eingabe Meldungen'!A5))))} -> Uta | D10: {=IF(B10<>"",INDEX('Eingabe Meldungen'!$C$2:$H$492,MATCH(B10&C10,'Eingabe Meldungen'!$C$2:$C$492&'Eingabe Meldungen'!$D$2:$D$492,0),6),"")} -> 1972 | E10: {=IF(B10<>"",INDEX('Eingabe Meldungen'!$C$2:$H$492,MATCH(B10&C10,'Eingabe Meldungen'!$C$2:$C$492&'Eingabe Meldungen'!$D$2:$D$492,0),4),"")} -> C | F10: 5 | H10: =RANK(G10,$G$6:$G$18,1) -> #N/A | I10: {=IF(B10<>"",INDEX('Eingabe Meldungen'!$C$2:$J$492,MATCH(B10&C10,'Eingabe Meldungen'!$C$2:$C$492&'Eingabe Meldungen'!$D$2:$D$492,0),8),"")} -> Marbacher Ruderverein
B11: {=IF(ISERROR(INDEX('Eingabe Meldungen'!$C$2:$C$492,LARGE(('Eingabe Meldungen'!$A$2:$A$492=$B$4)*(ROW('Eingabe Meldungen'!$A$2:$A$492)-1),COUNTIF('Eingabe Meldungen'!$A$2:$A$492,$B$4)+1-ROW('Eingabe Meldungen'!A6)))),"",INDEX('Eingabe Meldungen'!$C$2:$C$492,LARGE(('Eingabe Meldungen'!$A$2:$A$492=$B$4)*(ROW('Eingabe Meldungen'!$A$2:$A$492)-1),COUNTIF('Eingabe Meldungen'!$A$2:$A$492,$B$4)+1-ROW('Eingabe Meldungen'!A6))))} -> Vogt | C11: {=IF(ISERROR(INDEX('Eingabe Meldungen'!$D$2:$D$492,LARGE(('Eingabe Meldungen'!$A$2:$A$492=$B$4)*(ROW('Eingabe Meldungen'!$A$2:$A$492)-1),COUNTIF('Eingabe Meldungen'!$A$2:$A$492,$B$4)+1-ROW('Eingabe Meldungen'!A6)))),"",INDEX('Eingabe Meldungen'!$D$2:$D$492,LARGE(('Eingabe Meldungen'!$A$2:$A$492=$B$4)*(ROW('Eingabe Meldungen'!$A$2:$A$492)-1),COUNTIF('Eingabe Meldungen'!$A$2:$A$492,$B$4)+1-ROW('Eingabe Meldungen'!A6))))} -> Antje | D11: {=IF(B11<>"",INDEX('Eingabe Meldungen'!$C$2:$H$492,MATCH(B11&C11,'Eingabe Meldungen'!$C$2:$C$492&'Eingabe Meldungen'!$D$2:$D$492,0),6),"")} -> 1975 | E11: {=IF(B11<>"",INDEX('Eingabe Meldungen'!$C$2:$H$492,MATCH(B11&C11,'Eingabe Meldungen'!$C$2:$C$492&'Eingabe Meldungen'!$D$2:$D$492,0),4),"")} -> C | F11: 6 | H11: =RANK(G11,$G$6:$G$18,1) -> #N/A | I11: {=IF(B11<>"",INDEX('Eingabe Meldungen'!$C$2:$J$492,MATCH(B11&C11,'Eingabe Meldungen'!$C$2:$C$492&'Eingabe Meldungen'!$D$2:$D$492,0),8),"")} -> HRG Schwaben
B12: {=IF(ISERROR(INDEX('Eingabe Meldungen'!$C$2:$C$492,LARGE(('Eingabe Meldungen'!$A$2:$A$492=$B$4)*(ROW('Eingabe Meldungen'!$A$2:$A$492)-1),COUNTIF('Eingabe Meldungen'!$A$2:$A$492,$B$4)+1-ROW('Eingabe Meldungen'!A7)))),"",INDEX('Eingabe Meldungen'!$C$2:$C$492,LARGE(('Eingabe Meldungen'!$A$2:$A$492=$B$4)*(ROW('Eingabe Meldungen'!$A$2:$A$492)-1),COUNTIF('Eingabe Meldungen'!$A$2:$A$492,$B$4)+1-ROW('Eingabe Meldungen'!A7))))} -> Munke | C12: {=IF(ISERROR(INDEX('Eingabe Meldungen'!$D$2:$D$492,LARGE(('Eingabe Meldungen'!$A$2:$A$492=$B$4)*(ROW('Eingabe Meldungen'!$A$2:$A$492)-1),COUNTIF('Eingabe Meldungen'!$A$2:$A$492,$B$4)+1-ROW('Eingabe Meldungen'!A7)))),"",INDEX('Eingabe Meldungen'!$D$2:$D$492,LARGE(('Eingabe Meldungen'!$A$2:$A$492=$B$4)*(ROW('Eingabe Meldungen'!$A$2:$A$492)-1),COUNTIF('Eingabe Meldungen'!$A$2:$A$492,$B$4)+1-ROW('Eingabe Meldungen'!A7))))} -> Steffi | D12: {=IF(B12<>"",INDEX('Eingabe Meldungen'!$C$2:$H$492,MATCH(B12&C12,'Eingabe Meldungen'!$C$2:$C$492&'Eingabe Meldungen'!$D$2:$D$492,0),6),"")} -> 1968 | E12: {=IF(B12<>"",INDEX('Eingabe Meldungen'!$C$2:$H$492,MATCH(B12&C12,'Eingabe Meldungen'!$C$2:$C$492&'Eingabe Meldungen'!$D$2:$D$492,0),4),"")} -> D | F12: 7 | H12: =RANK(G12,$G$6:$G$18,1) -> #N/A | I12: {=IF(B12<>"",INDEX('Eingabe Meldungen'!$C$2:$J$492,MATCH(B12&C12,'Eingabe Meldungen'!$C$2:$C$492&'Eingabe Meldungen'!$D$2:$D$492,0),8),"")} -> WSV Schifferclub Neckarrems
B13: {=IF(ISERROR(INDEX('Eingabe Meldungen'!$C$2:$C$492,LARGE(('Eingabe Meldungen'!$A$2:$A$492=$B$4)*(ROW('Eingabe Meldungen'!$A$2:$A$492)-1),COUNTIF('Eingabe Meldungen'!$A$2:$A$492,$B$4)+1-ROW('Eingabe Meldungen'!A8)))),"",INDEX('Eingabe Meldungen'!$C$2:$C$492,LARGE(('Eingabe Meldungen'!$A$2:$A$492=$B$4)*(ROW('Eingabe Meldungen'!$A$2:$A$492)-1),COUNTIF('Eingabe Meldungen'!$A$2:$A$492,$B$4)+1-ROW('Eingabe Meldungen'!A8))))} -> Wöppel | C13: {=IF(ISERROR(INDEX('Eingabe Meldungen'!$D$2:$D$492,LARGE(('Eingabe Meldungen'!$A$2:$A$492=$B$4)*(ROW('Eingabe Meldungen'!$A$2:$A$492)-1),COUNTIF('Eingabe Meldungen'!$A$2:$A$492,$B$4)+1-ROW('Eingabe Meldungen'!A8)))),"",INDEX('Eingabe Meldungen'!$D$2:$D$492,LARGE(('Eingabe Meldungen'!$A$2:$A$492=$B$4)*(ROW('Eingabe Meldungen'!$A$2:$A$492)-1),COUNTIF('Eingabe Meldungen'!$A$2:$A$492,$B$4)+1-ROW('Eingabe Meldungen'!A8))))} -> Stefanie | D13: {=IF(B13<>"",INDEX('Eingabe Meldungen'!$C$2:$H$492,MATCH(B13&C13,'Eingabe Meldungen'!$C$2:$C$492&'Eingabe Meldungen'!$D$2:$D$492,0),6),"")} -> 1971 | E13: {=IF(B13<>"",INDEX('Eingabe Meldungen'!$C$2:$H$492,MATCH(B13&C13,'Eingabe Meldungen'!$C$2:$C$492&'Eingabe Meldungen'!$D$2:$D$492,0),4),"")} -> C | F13: 8 | H13: =RANK(G13,$G$6:$G$18,1) -> #N/A | I13: {=IF(B13<>"",INDEX('Eingabe Meldungen'!$C$2:$J$492,MATCH(B13&C13,'Eingabe Meldungen'!$C$2:$C$492&'Eingabe Meldungen'!$D$2:$D$492,0),8),"")} -> WSV Schifferclub Neckarrems
B14: {=IF(ISERROR(INDEX('Eingabe Meldungen'!$C$2:$C$492,LARGE(('Eingabe Meldungen'!$A$2:$A$492=$B$4)*(ROW('Eingabe Meldungen'!$A$2:$A$492)-1),COUNTIF('Eingabe Meldungen'!$A$2:$A$492,$B$4)+1-ROW('Eingabe Meldungen'!A9)))),"",INDEX('Eingabe Meldungen'!$C$2:$C$492,LARGE(('Eingabe Meldungen'!$A$2:$A$492=$B$4)*(ROW('Eingabe Meldungen'!$A$2:$A$492)-1),COUNTIF('Eingabe Meldungen'!$A$2:$A$492,$B$4)+1-ROW('Eingabe Meldungen'!A9))))} | C14: {=IF(ISERROR(INDEX('Eingabe Meldungen'!$D$2:$D$492,LARGE(('Eingabe Meldungen'!$A$2:$A$492=$B$4)*(ROW('Eingabe Meldungen'!$A$2:$A$492)-1),COUNTIF('Eingabe Meldungen'!$A$2:$A$492,$B$4)+1-ROW('Eingabe Meldungen'!A9)))),"",INDEX('Eingabe Meldungen'!$D$2:$D$492,LARGE(('Eingabe Meldungen'!$A$2:$A$492=$B$4)*(ROW('Eingabe Meldungen'!$A$2:$A$492)-1),COUNTIF('Eingabe Meldungen'!$A$2:$A$492,$B$4)+1-ROW('Eingabe Meldungen'!A9))))} | D14: {=IF(B14<>"",INDEX('Eingabe Meldungen'!$C$2:$H$492,MATCH(B14&C14,'Eingabe Meldungen'!$C$2:$C$492&'Eingabe Meldungen'!$D$2:$D$492,0),6),"")} | E14: {=IF(B14<>"",INDEX('Eingabe Meldungen'!$C$2:$H$492,MATCH(B14&C14,'Eingabe Meldungen'!$C$2:$C$492&'Eingabe Meldungen'!$D$2:$D$492,0),4),"")} | F14: 9 | H14: =RANK(G14,$G$6:$G$18,1) -> #N/A | I14: {=IF(B14<>"",INDEX('Eingabe Meldungen'!$C$2:$J$492,MATCH(B14&C14,'Eingabe Meldungen'!$C$2:$C$492&'Eingabe Meldungen'!$D$2:$D$492,0),8),"")}
B15: {=IF(ISERROR(INDEX('Eingabe Meldungen'!$C$2:$C$492,LARGE(('Eingabe Meldungen'!$A$2:$A$492=$B$4)*(ROW('Eingabe Meldungen'!$A$2:$A$492)-1),COUNTIF('Eingabe Meldungen'!$A$2:$A$492,$B$4)+1-ROW('Eingabe Meldungen'!A10)))),"",INDEX('Eingabe Meldungen'!$C$2:$C$492,LARGE(('Eingabe Meldungen'!$A$2:$A$492=$B$4)*(ROW('Eingabe Meldungen'!$A$2:$A$492)-1),COUNTIF('Eingabe Meldungen'!$A$2:$A$492,$B$4)+1-ROW('Eingabe Meldungen'!A10))))} | C15: {=IF(ISERROR(INDEX('Eingabe Meldungen'!$D$2:$D$492,LARGE(('Eingabe Meldungen'!$A$2:$A$492=$B$4)*(ROW('Eingabe Meldungen'!$A$2:$A$492)-1),COUNTIF('Eingabe Meldungen'!$A$2:$A$492,$B$4)+1-ROW('Eingabe Meldungen'!A10)))),"",INDEX('Eingabe Meldungen'!$D$2:$D$492,LARGE(('Eingabe Meldungen'!$A$2:$A$492=$B$4)*(ROW('Eingabe Meldungen'!$A$2:$A$492)-1),COUNTIF('Eingabe Meldungen'!$A$2:$A$492,$B$4)+1-ROW('Eingabe Meldungen'!A10))))} | D15: {=IF(B15<>"",INDEX('Eingabe Meldungen'!$C$2:$H$492,MATCH(B15&C15,'Eingabe Meldungen'!$C$2:$C$492&'Eingabe Meldungen'!$D$2:$D$492,0),6),"")} | E15: {=IF(B15<>"",INDEX('Eingabe Meldungen'!$C$2:$H$492,MATCH(B15&C15,'Eingabe Meldungen'!$C$2:$C$492&'Eingabe Meldungen'!$D$2:$D$492,0),4),"")} | F15: 10 | H15: =RANK(G15,$G$6:$G$18,1) -> #N/A | I15: {=IF(B15<>"",INDEX('Eingabe Meldungen'!$C$2:$J$492,MATCH(B15&C15,'Eingabe Meldungen'!$C$2:$C$492&'Eingabe Meldungen'!$D$2:$D$492,0),8),"")}
B16: {=IF(ISERROR(INDEX('Eingabe Meldungen'!$C$2:$C$492,LARGE(('Eingabe Meldungen'!$A$2:$A$492=$B$4)*(ROW('Eingabe Meldungen'!$A$2:$A$492)-1),COUNTIF('Eingabe Meldungen'!$A$2:$A$492,$B$4)+1-ROW('Eingabe Meldungen'!A11)))),"",INDEX('Eingabe Meldungen'!$C$2:$C$492,LARGE(('Eingabe Meldungen'!$A$2:$A$492=$B$4)*(ROW('Eingabe Meldungen'!$A$2:$A$492)-1),COUNTIF('Eingabe Meldungen'!$A$2:$A$492,$B$4)+1-ROW('Eingabe Meldungen'!A11))))} | C16: {=IF(ISERROR(INDEX('Eingabe Meldungen'!$D$2:$D$492,LARGE(('Eingabe Meldungen'!$A$2:$A$492=$B$4)*(ROW('Eingabe Meldungen'!$A$2:$A$492)-1),COUNTIF('Eingabe Meldungen'!$A$2:$A$492,$B$4)+1-ROW('Eingabe Meldungen'!A11)))),"",INDEX('Eingabe Meldungen'!$D$2:$D$492,LARGE(('Eingabe Meldungen'!$A$2:$A$492=$B$4)*(ROW('Eingabe Meldungen'!$A$2:$A$492)-1),COUNTIF('Eingabe Meldungen'!$A$2:$A$492,$B$4)+1-ROW('Eingabe Meldungen'!A11))))} | D16: {=IF(B16<>"",INDEX('Eingabe Meldungen'!$C$2:$H$492,MATCH(B16&C16,'Eingabe Meldungen'!$C$2:$C$492&'Eingabe Meldungen'!$D$2:$D$492,0),6),"")} | E16: {=IF(B16<>"",INDEX('Eingabe Meldungen'!$C$2:$H$492,MATCH(B16&C16,'Eingabe Meldungen'!$C$2:$C$492&'Eingabe Meldungen'!$D$2:$D$492,0),4),"")} | F16: 11 | H16: =RANK(G16,$G$6:$G$18,1) -> #N/A | I16: {=IF(B16<>"",INDEX('Eingabe Meldungen'!$C$2:$J$492,MATCH(B16&C16,'Eingabe Meldungen'!$C$2:$C$492&'Eingabe Meldungen'!$D$2:$D$492,0),8),"")}
B17: {=IF(ISERROR(INDEX('Eingabe Meldungen'!$C$2:$C$492,LARGE(('Eingabe Meldungen'!$A$2:$A$492=$B$4)*(ROW('Eingabe Meldungen'!$A$2:$A$492)-1),COUNTIF('Eingabe Meldungen'!$A$2:$A$492,$B$4)+1-ROW('Eingabe Meldungen'!A12)))),"",INDEX('Eingabe Meldungen'!$C$2:$C$492,LARGE(('Eingabe Meldungen'!$A$2:$A$492=$B$4)*(ROW('Eingabe Meldungen'!$A$2:$A$492)-1),COUNTIF('Eingabe Meldungen'!$A$2:$A$492,$B$4)+1-ROW('Eingabe Meldungen'!A12))))} | C17: {=IF(ISERROR(INDEX('Eingabe Meldungen'!$D$2:$D$492,LARGE(('Eingabe Meldungen'!$A$2:$A$492=$B$4)*(ROW('Eingabe Meldungen'!$A$2:$A$492)-1),COUNTIF('Eingabe Meldungen'!$A$2:$A$492,$B$4)+1-ROW('Eingabe Meldungen'!A12)))),"",INDEX('Eingabe Meldungen'!$D$2:$D$492,LARGE(('Eingabe Meldungen'!$A$2:$A$492=$B$4)*(ROW('Eingabe Meldungen'!$A$2:$A$492)-1),COUNTIF('Eingabe Meldungen'!$A$2:$A$492,$B$4)+1-ROW('Eingabe Meldungen'!A12))))} | D17: {=IF(B17<>"",INDEX('Eingabe Meldungen'!$C$2:$H$492,MATCH(B17&C17,'Eingabe Meldungen'!$C$2:$C$492&'Eingabe Meldungen'!$D$2:$D$492,0),6),"")} | E17: {=IF(B17<>"",INDEX('Eingabe Meldungen'!$C$2:$H$492,MATCH(B17&C17,'Eingabe Meldungen'!$C$2:$C$492&'Eingabe Meldungen'!$D$2:$D$492,0),4),"")} | F17: 12 | H17: =RANK(G17,$G$6:$G$18,1) -> #N/A | I17: {=IF(B17<>"",INDEX('Eingabe Meldungen'!$C$2:$J$492,MATCH(B17&C17,'Eingabe Meldungen'!$C$2:$C$492&'Eingabe Meldungen'!$D$2:$D$492,0),8),"")}
B18: {=IF(ISERROR(INDEX('Eingabe Meldungen'!$C$2:$C$492,LARGE(('Eingabe Meldungen'!$A$2:$A$492=$B$4)*(ROW('Eingabe Meldungen'!$A$2:$A$492)-1),COUNTIF('Eingabe Meldungen'!$A$2:$A$492,$B$4)+1-ROW('Eingabe Meldungen'!A13)))),"",INDEX('Eingabe Meldungen'!$C$2:$C$492,LARGE(('Eingabe Meldungen'!$A$2:$A$492=$B$4)*(ROW('Eingabe Meldungen'!$A$2:$A$492)-1),COUNTIF('Eingabe Meldungen'!$A$2:$A$492,$B$4)+1-ROW('Eingabe Meldungen'!A13))))} | C18: {=IF(ISERROR(INDEX('Eingabe Meldungen'!$D$2:$D$492,LARGE(('Eingabe Meldungen'!$A$2:$A$492=$B$4)*(ROW('Eingabe Meldungen'!$A$2:$A$492)-1),COUNTIF('Eingabe Meldungen'!$A$2:$A$492,$B$4)+1-ROW('Eingabe Meldungen'!A13)))),"",INDEX('Eingabe Meldungen'!$D$2:$D$492,LARGE(('Eingabe Meldungen'!$A$2:$A$492=$B$4)*(ROW('Eingabe Meldungen'!$A$2:$A$492)-1),COUNTIF('Eingabe Meldungen'!$A$2:$A$492,$B$4)+1-ROW('Eingabe Meldungen'!A13))))} | D18: {=IF(B18<>"",INDEX('Eingabe Meldungen'!$C$2:$H$492,MATCH(B18&C18,'Eingabe Meldungen'!$C$2:$C$492&'Eingabe Meldungen'!$D$2:$D$492,0),6),"")} | E18: {=IF(B18<>"",INDEX('Eingabe Meldungen'!$C$2:$H$492,MATCH(B18&C18,'Eingabe Meldungen'!$C$2:$C$492&'Eingabe Meldungen'!$D$2:$D$492,0),4),"")} | F18: 13 | H18: =RANK(G18,$G$6:$G$18,1) -> #N/A | I18: {=IF(B18<>"",INDEX('Eingabe Meldungen'!$C$2:$J$492,MATCH(B18&C18,'Eingabe Meldungen'!$C$2:$C$492&'Eingabe Meldungen'!$D$2:$D$492,0),8),"")}
B20: =B4+1 -> 2 | C20: =VLOOKUP(B20,Ausschreibung!$B$5:$I$35,2,FALSE) -> Ergocup | D20: A1 09:40 A2 10:20 A3 11:00 | E20: Masters A-H, männlich, 30 Min. | F20: =VLOOKUP(B20,Ausschreibung!$B$5:$I$35,5,FALSE) -> - | G20: =VLOOKUP(B20,Ausschreibung!$B$5:$I$35,6,FALSE) -> 27 und älter | H20: =VLOOKUP(B20,Ausschreibung!$B$5:$I$35,8,FALSE) -> 30 min.
B21: Name | C21: Vorname | D21: Jhg | E21: Klasse | F21: Ergonummer | G21: Ergebnis | H21: Platzierung | I21: Verein
B22: {=IF(ISERROR(INDEX('Eingabe Meldungen'!$C$2:$C$492,LARGE(('Eingabe Meldungen'!$A$2:$A$492=$B$20)*(ROW('Eingabe Meldungen'!$A$2:$A$492)-1),COUNTIF('Eingabe Meldungen'!$A$2:$A$492,$B$20)+1-ROW('Eingabe Meldungen'!A1)))),"",INDEX('Eingabe Meldungen'!$C$2:$C$492,LARGE(('Eingabe Meldungen'!$A$2:$A$492=$B$20)*(ROW('Eingabe Meldungen'!$A$2:$A$492)-1),COUNTIF('Eingabe Meldungen'!$A$2:$A$492,$B$20)+1-ROW('Eingabe Meldungen'!A1))))} -> Gocke | C22: {=IF(ISERROR(INDEX('Eingabe Meldungen'!$D$2:$D$492,LARGE(('Eingabe Meldungen'!$A$2:$A$492=$B$20)*(ROW('Eingabe Meldungen'!$A$2:$A$492)-1),COUNTIF('Eingabe Meldungen'!$A$2:$A$492,$B$20)+1-ROW('Eingabe Meldungen'!A1)))),"",INDEX('Eingabe Meldungen'!$D$2:$D$492,LARGE(('Eingabe Meldungen'!$A$2:$A$492=$B$20)*(ROW('Eingabe Meldungen'!$A$2:$A$492)-1),COUNTIF('Eingabe Meldungen'!$A$2:$A$492,$B$20)+1-ROW('Eingabe Meldungen'!A1))))} -> Eberhard | D22: {=IF(B22<>"",INDEX('Eingabe Meldungen'!$C$2:$H$492,MATCH(B22&C22,'Eingabe Meldungen'!$C$2:$C$492&'Eingabe Meldungen'!$D$2:$D$492,0),6),"")} -> 1940 | E22: {=IF(B22<>"",INDEX('Eingabe Meldungen'!$C$2:$H$492,MATCH(B22&C22,'Eingabe Meldungen'!$C$2:$C$492&'Eingabe Meldungen'!$D$2:$D$492,0),4),"")} -> J | F22: 1 | H22: =RANK(G22,$G$22:$G$51,1) -> #N/A | I22: {=IF(B22<>"",INDEX('Eingabe Meldungen'!$C$2:$J$492,MATCH(B22&C22,'Eingabe Meldungen'!$C$2:$C$492&'Eingabe Meldungen'!$D$2:$D$492,0),8),"")} -> RC Neptun Neckarelz | K22: A1
B23: {=IF(ISERROR(INDEX('Eingabe Meldungen'!$C$2:$C$492,LARGE(('Eingabe Meldungen'!$A$2:$A$492=$B$20)*(ROW('Eingabe Meldungen'!$A$2:$A$492)-1),COUNTIF('Eingabe Meldungen'!$A$2:$A$492,$B$20)+1-ROW('Eingabe Meldungen'!A2)))),"",INDEX('Eingabe Meldungen'!$C$2:$C$492,LARGE(('Eingabe Meldungen'!$A$2:$A$492=$B$20)*(ROW('Eingabe Meldungen'!$A$2:$A$492)-1),COUNTIF('Eingabe Meldungen'!$A$2:$A$492,$B$20)+1-ROW('Eingabe Meldungen'!A2))))} -> Schultheiß | C23: {=IF(ISERROR(INDEX('Eingabe Meldungen'!$D$2:$D$492,LARGE(('Eingabe Meldungen'!$A$2:$A$492=$B$20)*(ROW('Eingabe Meldungen'!$A$2:$A$492)-1),COUNTIF('Eingabe Meldungen'!$A$2:$A$492,$B$20)+1-ROW('Eingabe Meldungen'!A2)))),"",INDEX('Eingabe Meldungen'!$D$2:$D$492,LARGE(('Eingabe Meldungen'!$A$2:$A$492=$B$20)*(ROW('Eingabe Meldungen'!$A$2:$A$492)-1),COUNTIF('Eingabe Meldungen'!$A$2:$A$492,$B$20)+1-ROW('Eingabe Meldungen'!A2))))} -> Günther | D23: {=IF(B23<>"",INDEX('Eingabe Meldungen'!$C$2:$H$492,MATCH(B23&C23,'Eingabe Meldungen'!$C$2:$C$492&'Eingabe Meldungen'!$D$2:$D$492,0),6),"")} -> 1942 | E23: I | F23: 2 | H23: =RANK(G23,$G$22:$G$51,1) -> #N/A | I23: {=IF(B23<>"",INDEX('Eingabe Meldungen'!$C$2:$J$492,MATCH(B23&C23,'Eingabe Meldungen'!$C$2:$C$492&'Eingabe Meldungen'!$D$2:$D$492,0),8),"")} -> RC Neptun Neckarelz
B24: {=IF(ISERROR(INDEX('Eingabe Meldungen'!$C$2:$C$492,LARGE(('Eingabe Meldungen'!$A$2:$A$492=$B$20)*(ROW('Eingabe Meldungen'!$A$2:$A$492)-1),COUNTIF('Eingabe Meldungen'!$A$2:$A$492,$B$20)+1-ROW('Eingabe Meldungen'!A3)))),"",INDEX('Eingabe Meldungen'!$C$2:$C$492,LARGE(('Eingabe Meldungen'!$A$2:$A$492=$B$20)*(ROW('Eingabe Meldungen'!$A$2:$A$492)-1),COUNTIF('Eingabe Meldungen'!$A$2:$A$492,$B$20)+1-ROW('Eingabe Meldungen'!A3))))} -> Diem | C24: {=IF(ISERROR(INDEX('Eingabe Meldungen'!$D$2:$D$492,LARGE(('Eingabe Meldungen'!$A$2:$A$492=$B$20)*(ROW('Eingabe Meldungen'!$A$2:$A$492)-1),COUNTIF('Eingabe Meldungen'!$A$2:$A$492,$B$20)+1-ROW('Eingabe Meldungen'!A3)))),"",INDEX('Eingabe Meldungen'!$D$2:$D$492,LARGE(('Eingabe Meldungen'!$A$2:$A$492=$B$20)*(ROW('Eingabe Meldungen'!$A$2:$A$492)-1),COUNTIF('Eingabe Meldungen'!$A$2:$A$492,$B$20)+1-ROW('Eingabe Meldungen'!A3))))} -> Werner | D24: {=IF(B24<>"",INDEX('Eingabe Meldungen'!$C$2:$H$492,MATCH(B24&C24,'Eingabe Meldungen'!$C$2:$C$492&'Eingabe Meldungen'!$D$2:$D$492,0),6),"")} -> 1943 | E24: J | F24: 3 | H24: =RANK(G24,$G$22:$G$51,1) -> #N/A | I24: {=IF(B24<>"",INDEX('Eingabe Meldungen'!$C$2:$J$492,MATCH(B24&C24,'Eingabe Meldungen'!$C$2:$C$492&'Eingabe Meldungen'!$D$2:$D$492,0),8),"")} -> RC Neptun Neckarelz
B25: {=IF(ISERROR(INDEX('Eingabe Meldungen'!$C$2:$C$492,LARGE(('Eingabe Meldungen'!$A$2:$A$492=$B$20)*(ROW('Eingabe Meldungen'!$A$2:$A$492)-1),COUNTIF('Eingabe Meldungen'!$A$2:$A$492,$B$20)+1-ROW('Eingabe Meldungen'!A4)))),"",INDEX('Eingabe Meldungen'!$C$2:$C$492,LARGE(('Eingabe Meldungen'!$A$2:$A$492=$B$20)*(ROW('Eingabe Meldungen'!$A$2:$A$492)-1),COUNTIF('Eingabe Meldungen'!$A$2:$A$492,$B$20)+1-ROW('Eingabe Meldungen'!A4))))} -> Schmiedeknecht | C25: {=IF(ISERROR(INDEX('Eingabe Meldungen'!$D$2:$D$492,LARGE(('Eingabe Meldungen'!$A$2:$A$492=$B$20)*(ROW('Eingabe Meldungen'!$A$2:$A$492)-1),COUNTIF('Eingabe Meldungen'!$A$2:$A$492,$B$20)+1-ROW('Eingabe Meldungen'!A4)))),"",INDEX('Eingabe Meldungen'!$D$2:$D$492,LARGE(('Eingabe Meldungen'!$A$2:$A$492=$B$20)*(ROW('Eingabe Meldungen'!$A$2:$A$492)-1),COUNTIF('Eingabe Meldungen'!$A$2:$A$492,$B$20)+1-ROW('Eingabe Meldungen'!A4))))} -> Helmut | D25: {=IF(B25<>"",INDEX('Eingabe Meldungen'!$C$2:$H$492,MATCH(B25&C25,'Eingabe Meldungen'!$C$2:$C$492&'Eingabe Meldungen'!$D$2:$D$492,0),6),"")} -> 1947 | E25: {=IF(B25<>"",INDEX('Eingabe Meldungen'!$C$2:$H$492,MATCH(B25&C25,'Eingabe Meldungen'!$C$2:$C$492&'Eingabe Meldungen'!$D$2:$D$492,0),4),"")} -> H | F25: 4 | H25: =RANK(G25,$G$22:$G$51,1) -> #N/A | I25: {=IF(B25<>"",INDEX('Eingabe Meldungen'!$C$2:$J$492,MATCH(B25&C25,'Eingabe Meldungen'!$C$2:$C$492&'Eingabe Meldungen'!$D$2:$D$492,0),8),"")} -> Ruderverein Bad Wimpfen
B26: {=IF(ISERROR(INDEX('Eingabe Meldungen'!$C$2:$C$492,LARGE(('Eingabe Meldungen'!$A$2:$A$492=$B$20)*(ROW('Eingabe Meldungen'!$A$2:$A$492)-1),COUNTIF('Eingabe Meldungen'!$A$2:$A$492,$B$20)+1-ROW('Eingabe Meldungen'!A5)))),"",INDEX('Eingabe Meldungen'!$C$2:$C$492,LARGE(('Eingabe Meldungen'!$A$2:$A$492=$B$20)*(ROW('Eingabe Meldungen'!$A$2:$A$492)-1),COUNTIF('Eingabe Meldungen'!$A$2:$A$492,$B$20)+1-ROW('Eingabe Meldungen'!A5))))} -> Vollmer | C26: {=IF(ISERROR(INDEX('Eingabe Meldungen'!$D$2:$D$492,LARGE(('Eingabe Meldungen'!$A$2:$A$492=$B$20)*(ROW('Eingabe Meldungen'!$A$2:$A$492)-1),COUNTIF('Eingabe Meldungen'!$A$2:$A$492,$B$20)+1-ROW('Eingabe Meldungen'!A5)))),"",INDEX('Eingabe Meldungen'!$D$2:$D$492,LARGE(('Eingabe Meldungen'!$A$2:$A$492=$B$20)*(ROW('Eingabe Meldungen'!$A$2:$A$492)-1),COUNTIF('Eingabe Meldungen'!$A$2:$A$492,$B$20)+1-ROW('Eingabe Meldungen'!A5))))} -> Gerhard | D26: {=IF(B26<>"",INDEX('Eingabe Meldungen'!$C$2:$H$492,MATCH(B26&C26,'Eingabe Meldungen'!$C$2:$C$492&'Eingabe Meldungen'!$D$2:$D$492,0),6),"")} -> 1948 | E26: {=IF(B26<>"",INDEX('Eingabe Meldungen'!$C$2:$H$492,MATCH(B26&C26,'Eingabe Meldungen'!$C$2:$C$492&'Eingabe Meldungen'!$D$2:$D$492,0),4),"")} -> H | F26: 5 | H26: =RANK(G26,$G$22:$G$51,1) -> #N/A | I26: {=IF(B26<>"",INDEX('Eingabe Meldungen'!$C$2:$J$492,MATCH(B26&C26,'Eingabe Meldungen'!$C$2:$C$492&'Eingabe Meldungen'!$D$2:$D$492,0),8),"")} -> HRG Schwaben
B27: {=IF(ISERROR(INDEX('Eingabe Meldungen'!$C$2:$C$492,LARGE(('Eingabe Meldungen'!$A$2:$A$492=$B$20)*(ROW('Eingabe Meldungen'!$A$2:$A$492)-1),COUNTIF('Eingabe Meldungen'!$A$2:$A$492,$B$20)+1-ROW('Eingabe Meldungen'!A6)))),"",INDEX('Eingabe Meldungen'!$C$2:$C$492,LARGE(('Eingabe Meldungen'!$A$2:$A$492=$B$20)*(ROW('Eingabe Meldungen'!$A$2:$A$492)-1),COUNTIF('Eingabe Meldungen'!$A$2:$A$492,$B$20)+1-ROW('Eingabe Meldungen'!A6))))} -> Schmidt | C27: {=IF(ISERROR(INDEX('Eingabe Meldungen'!$D$2:$D$492,LARGE(('Eingabe Meldungen'!$A$2:$A$492=$B$20)*(ROW('Eingabe Meldungen'!$A$2:$A$492)-1),COUNTIF('Eingabe Meldungen'!$A$2:$A$492,$B$20)+1-ROW('Eingabe Meldungen'!A6)))),"",INDEX('Eingabe Meldungen'!$D$2:$D$492,LARGE(('Eingabe Meldungen'!$A$2:$A$492=$B$20)*(ROW('Eingabe Meldungen'!$A$2:$A$492)-1),COUNTIF('Eingabe Meldungen'!$A$2:$A$492,$B$20)+1-ROW('Eingabe Meldungen'!A6))))} -> Rolf | D27: {=IF(B27<>"",INDEX('Eingabe Meldungen'!$C$2:$H$492,MATCH(B27&C27,'Eingabe Meldungen'!$C$2:$C$492&'Eingabe Meldungen'!$D$2:$D$492,0),6),"")} -> 1950 | E27: {=IF(B27<>"",INDEX('Eingabe Meldungen'!$C$2:$H$492,MATCH(B27&C27,'Eingabe Meldungen'!$C$2:$C$492&'Eingabe Meldungen'!$D$2:$D$492,0),4),"")} -> H | F27: 6 | H27: =RANK(G27,$G$22:$G$51,1) -> #N/A | I27: {=IF(B27<>"",INDEX('Eingabe Meldungen'!$C$2:$J$492,MATCH(B27&C27,'Eingabe Meldungen'!$C$2:$C$492&'Eingabe Meldungen'!$D$2:$D$492,0),8),"")} -> Marbacher Ruderverein
B28: {=IF(ISERROR(INDEX('Eingabe Meldungen'!$C$2:$C$492,LARGE(('Eingabe Meldungen'!$A$2:$A$492=$B$20)*(ROW('Eingabe Meldungen'!$A$2:$A$492)-1),COUNTIF('Eingabe Meldungen'!$A$2:$A$492,$B$20)+1-ROW('Eingabe Meldungen'!A7)))),"",INDEX('Eingabe Meldungen'!$C$2:$C$492,LARGE(('Eingabe Meldungen'!$A$2:$A$492=$B$20)*(ROW('Eingabe Meldungen'!$A$2:$A$492)-1),COUNTIF('Eingabe Meldungen'!$A$2:$A$492,$B$20)+1-ROW('Eingabe Meldungen'!A7))))} -> Rentz | C28: {=IF(ISERROR(INDEX('Eingabe Meldungen'!$D$2:$D$492,LARGE(('Eingabe Meldungen'!$A$2:$A$492=$B$20)*(ROW('Eingabe Meldungen'!$A$2:$A$492)-1),COUNTIF('Eingabe Meldungen'!$A$2:$A$492,$B$20)+1-ROW('Eingabe Meldungen'!A7)))),"",INDEX('Eingabe Meldungen'!$D$2:$D$492,LARGE(('Eingabe Meldungen'!$A$2:$A$492=$B$20)*(ROW('Eingabe Meldungen'!$A$2:$A$492)-1),COUNTIF('Eingabe Meldungen'!$A$2:$A$492,$B$20)+1-ROW('Eingabe Meldungen'!A7))))} -> Jürgen | D28: {=IF(B28<>"",INDEX('Eingabe Meldungen'!$C$2:$H$492,MATCH(B28&C28,'Eingabe Meldungen'!$C$2:$C$492&'Eingabe Meldungen'!$D$2:$D$492,0),6),"")} -> 1955 | E28: {=IF(B28<>"",INDEX('Eingabe Meldungen'!$C$2:$H$492,MATCH(B28&C28,'Eingabe Meldungen'!$C$2:$C$492&'Eingabe Meldungen'!$D$2:$D$492,0),4),"")} -> G | F28: 7 | H28: =RANK(G28,$G$22:$G$51,1) -> #N/A | I28: {=IF(B28<>"",INDEX('Eingabe Meldungen'!$C$2:$J$492,MATCH(B28&C28,'Eingabe Meldungen'!$C$2:$C$492&'Eingabe Meldungen'!$D$2:$D$492,0),8),"")} -> Marbacher Ruderverein
B29: {=IF(ISERROR(INDEX('Eingabe Meldungen'!$C$2:$C$492,LARGE(('Eingabe Meldungen'!$A$2:$A$492=$B$20)*(ROW('Eingabe Meldungen'!$A$2:$A$492)-1),COUNTIF('Eingabe Meldungen'!$A$2:$A$492,$B$20)+1-ROW('Eingabe Meldungen'!A8)))),"",INDEX('Eingabe Meldungen'!$C$2:$C$492,LARGE(('Eingabe Meldungen'!$A$2:$A$492=$B$20)*(ROW('Eingabe Meldungen'!$A$2:$A$492)-1),COUNTIF('Eingabe Meldungen'!$A$2:$A$492,$B$20)+1-ROW('Eingabe Meldungen'!A8))))} -> Klinge | C29: {=IF(ISERROR(INDEX('Eingabe Meldungen'!$D$2:$D$492,LARGE(('Eingabe Meldungen'!$A$2:$A$492=$B$20)*(ROW('Eingabe Meldungen'!$A$2:$A$492)-1),COUNTIF('Eingabe Meldungen'!$A$2:$A$492,$B$20)+1-ROW('Eingabe Meldungen'!A8)))),"",INDEX('Eingabe Meldungen'!$D$2:$D$492,LARGE(('Eingabe Meldungen'!$A$2:$A$492=$B$20)*(ROW('Eingabe Meldungen'!$A$2:$A$492)-1),COUNTIF('Eingabe Meldungen'!$A$2:$A$492,$B$20)+1-ROW('Eingabe Meldungen'!A8))))} -> Achim | D29: {=IF(B29<>"",INDEX('Eingabe Meldungen'!$C$2:$H$492,MATCH(B29&C29,'Eingabe Meldungen'!$C$2:$C$492&'Eingabe Meldungen'!$D$2:$D$492,0),6),"")} -> 1957 | E29: {=IF(B29<>"",INDEX('Eingabe Meldungen'!$C$2:$H$492,MATCH(B29&C29,'Eingabe Meldungen'!$C$2:$C$492&'Eingabe Meldungen'!$D$2:$D$492,0),4),"")} -> F | F29: 8 | H29: =RANK(G29,$G$22:$G$51,1) -> #N/A | I29: {=IF(B29<>"",INDEX('Eingabe Meldungen'!$C$2:$J$492,MATCH(B29&C29,'Eingabe Meldungen'!$C$2:$C$492&'Eingabe Meldungen'!$D$2:$D$492,0),8),"")} -> SSG Bensheim
B30: {=IF(ISERROR(INDEX('Eingabe Meldungen'!$C$2:$C$492,LARGE(('Eingabe Meldungen'!$A$2:$A$492=$B$20)*(ROW('Eingabe Meldungen'!$A$2:$A$492)-1),COUNTIF('Eingabe Meldungen'!$A$2:$A$492,$B$20)+1-ROW('Eingabe Meldungen'!A9)))),"",INDEX('Eingabe Meldungen'!$C$2:$C$492,LARGE(('Eingabe Meldungen'!$A$2:$A$492=$B$20)*(ROW('Eingabe Meldungen'!$A$2:$A$492)-1),COUNTIF('Eingabe Meldungen'!$A$2:$A$492,$B$20)+1-ROW('Eingabe Meldungen'!A9))))} -> Köhler | C30: {=IF(ISERROR(INDEX('Eingabe Meldungen'!$D$2:$D$492,LARGE(('Eingabe Meldungen'!$A$2:$A$492=$B$20)*(ROW('Eingabe Meldungen'!$A$2:$A$492)-1),COUNTIF('Eingabe Meldungen'!$A$2:$A$492,$B$20)+1-ROW('Eingabe Meldungen'!A9)))),"",INDEX('Eingabe Meldungen'!$D$2:$D$492,LARGE(('Eingabe Meldungen'!$A$2:$A$492=$B$20)*(ROW('Eingabe Meldungen'!$A$2:$A$492)-1),COUNTIF('Eingabe Meldungen'!$A$2:$A$492,$B$20)+1-ROW('Eingabe Meldungen'!A9))))} -> Bernhard | D30: {=IF(B30<>"",INDEX('Eingabe Meldungen'!$C$2:$H$492,MATCH(B30&C30,'Eingabe Meldungen'!$C$2:$C$492&'Eingabe Meldungen'!$D$2:$D$492,0),6),"")} -> 1958 | E30: {=IF(B30<>"",INDEX('Eingabe Meldungen'!$C$2:$H$492,MATCH(B30&C30,'Eingabe Meldungen'!$C$2:$C$492&'Eingabe Meldungen'!$D$2:$D$492,0),4),"")} -> F | F30: 9 | H30: =RANK(G30,$G$22:$G$51,1) -> #N/A | I30: {=IF(B30<>"",INDEX('Eingabe Meldungen'!$C$2:$J$492,MATCH(B30&C30,'Eingabe Meldungen'!$C$2:$C$492&'Eingabe Meldungen'!$D$2:$D$492,0),8),"")} -> Fitness Oase in Regen
B31: {=IF(ISERROR(INDEX('Eingabe Meldungen'!$C$2:$C$492,LARGE(('Eingabe Meldungen'!$A$2:$A$492=$B$20)*(ROW('Eingabe Meldungen'!$A$2:$A$492)-1),COUNTIF('Eingabe Meldungen'!$A$2:$A$492,$B$20)+1-ROW('Eingabe Meldungen'!A10)))),"",INDEX('Eingabe Meldungen'!$C$2:$C$492,LARGE(('Eingabe Meldungen'!$A$2:$A$492=$B$20)*(ROW('Eingabe Meldungen'!$A$2:$A$492)-1),COUNTIF('Eingabe Meldungen'!$A$2:$A$492,$B$20)+1-ROW('Eingabe Meldungen'!A10))))} -> Schuhn | C31: {=IF(ISERROR(INDEX('Eingabe Meldungen'!$D$2:$D$492,LARGE(('Eingabe Meldungen'!$A$2:$A$492=$B$20)*(ROW('Eingabe Meldungen'!$A$2:$A$492)-1),COUNTIF('Eingabe Meldungen'!$A$2:$A$492,$B$20)+1-ROW('Eingabe Meldungen'!A10)))),"",INDEX('Eingabe Meldungen'!$D$2:$D$492,LARGE(('Eingabe Meldungen'!$A$2:$A$492=$B$20)*(ROW('Eingabe Meldungen'!$A$2:$A$492)-1),COUNTIF('Eingabe Meldungen'!$A$2:$A$492,$B$20)+1-ROW('Eingabe Meldungen'!A10))))} -> Peter | D31: {=IF(B31<>"",INDEX('Eingabe Meldungen'!$C$2:$H$492,MATCH(B31&C31,'Eingabe Meldungen'!$C$2:$C$492&'Eingabe Meldungen'!$D$2:$D$492,0),6),"")} -> 1959 | E31: {=IF(B31<>"",INDEX('Eingabe Meldungen'!$C$2:$H$492,MATCH(B31&C31,'Eingabe Meldungen'!$C$2:$C$492&'Eingabe Meldungen'!$D$2:$D$492,0),4),"")} -> F | F31: 10 | H31: =RANK(G31,$G$22:$G$51,1) -> #N/A | I31: {=IF(B31<>"",INDEX('Eingabe Meldungen'!$C$2:$J$492,MATCH(B31&C31,'Eingabe Meldungen'!$C$2:$C$492&'Eingabe Meldungen'!$D$2:$D$492,0),8),"")} -> ErgoRudern Saarlouis
B32: {=IF(ISERROR(INDEX('Eingabe Meldungen'!$C$2:$C$492,LARGE(('Eingabe Meldungen'!$A$2:$A$492=$B$20)*(ROW('Eingabe Meldungen'!$A$2:$A$492)-1),COUNTIF('Eingabe Meldungen'!$A$2:$A$492,$B$20)+1-ROW('Eingabe Meldungen'!A11)))),"",INDEX('Eingabe Meldungen'!$C$2:$C$492,LARGE(('Eingabe Meldungen'!$A$2:$A$492=$B$20)*(ROW('Eingabe Meldungen'!$A$2:$A$492)-1),COUNTIF('Eingabe Meldungen'!$A$2:$A$492,$B$20)+1-ROW('Eingabe Meldungen'!A11))))} -> Marx | C32: {=IF(ISERROR(INDEX('Eingabe Meldungen'!$D$2:$D$492,LARGE(('Eingabe Meldungen'!$A$2:$A$492=$B$20)*(ROW('Eingabe Meldungen'!$A$2:$A$492)-1),COUNTIF('Eingabe Meldungen'!$A$2:$A$492,$B$20)+1-ROW('Eingabe Meldungen'!A11)))),"",INDEX('Eingabe Meldungen'!$D$2:$D$492,LARGE(('Eingabe Meldungen'!$A$2:$A$492=$B$20)*(ROW('Eingabe Meldungen'!$A$2:$A$492)-1),COUNTIF('Eingabe Meldungen'!$A$2:$A$492,$B$20)+1-ROW('Eingabe Meldungen'!A11))))} -> Johannes | D32: {=IF(B32<>"",INDEX('Eingabe Meldungen'!$C$2:$H$492,MATCH(B32&C32,'Eingabe Meldungen'!$C$2:$C$492&'Eingabe Meldungen'!$D$2:$D$492,0),6),"")} -> 1962 | E32: {=IF(B32<>"",INDEX('Eingabe Meldungen'!$C$2:$H$492,MATCH(B32&C32,'Eingabe Meldungen'!$C$2:$C$492&'Eingabe Meldungen'!$D$2:$D$492,0),4),"")} -> E | F32: 11 | H32: =RANK(G32,$G$22:$G$51,1) -> #N/A | I32: {=IF(B32<>"",INDEX('Eingabe Meldungen'!$C$2:$J$492,MATCH(B32&C32,'Eingabe Meldungen'!$C$2:$C$492&'Eingabe Meldungen'!$D$2:$D$492,0),8),"")} -> RC Neptun Neckarelz | K32: A2
B33: {=IF(ISERROR(INDEX('Eingabe Meldungen'!$C$2:$C$492,LARGE(('Eingabe Meldungen'!$A$2:$A$492=$B$20)*(ROW('Eingabe Meldungen'!$A$2:$A$492)-1),COUNTIF('Eingabe Meldungen'!$A$2:$A$492,$B$20)+1-ROW('Eingabe Meldungen'!A12)))),"",INDEX('Eingabe Meldungen'!$C$2:$C$492,LARGE(('Eingabe Meldungen'!$A$2:$A$492=$B$20)*(ROW('Eingabe Meldungen'!$A$2:$A$492)-1),COUNTIF('Eingabe Meldungen'!$A$2:$A$492,$B$20)+1-ROW('Eingabe Meldungen'!A12))))} -> Reinert | C33: {=IF(ISERROR(INDEX('Eingabe Meldungen'!$D$2:$D$492,LARGE(('Eingabe Meldungen'!$A$2:$A$492=$B$20)*(ROW('Eingabe Meldungen'!$A$2:$A$492)-1),COUNTIF('Eingabe Meldungen'!$A$2:$A$492,$B$20)+1-ROW('Eingabe Meldungen'!A12)))),"",INDEX('Eingabe Meldungen'!$D$2:$D$492,LARGE(('Eingabe Meldungen'!$A$2:$A$492=$B$20)*(ROW('Eingabe Meldungen'!$A$2:$A$492)-1),COUNTIF('Eingabe Meldungen'!$A$2:$A$492,$B$20)+1-ROW('Eingabe Meldungen'!A12))))} -> Gerhard | D33: {=IF(B33<>"",INDEX('Eingabe Meldungen'!$C$2:$H$492,MATCH(B33&C33,'Eingabe Meldungen'!$C$2:$C$492&'Eingabe Meldungen'!$D$2:$D$492,0),6),"")} -> 1964 | E33: {=IF(B33<>"",INDEX('Eingabe Meldungen'!$C$2:$H$492,MATCH(B33&C33,'Eingabe Meldungen'!$C$2:$C$492&'Eingabe Meldungen'!$D$2:$D$492,0),4),"")} -> E | F33: 12 | H33: =RANK(G33,$G$22:$G$51,1) -> #N/A | I33: {=IF(B33<>"",INDEX('Eingabe Meldungen'!$C$2:$J$492,MATCH(B33&C33,'Eingabe Meldungen'!$C$2:$C$492&'Eingabe Meldungen'!$D$2:$D$492,0),8),"")} -> HRG Schwaben
B34: {=IF(ISERROR(INDEX('Eingabe Meldungen'!$C$2:$C$492,LARGE(('Eingabe Meldungen'!$A$2:$A$492=$B$20)*(ROW('Eingabe Meldungen'!$A$2:$A$492)-1),COUNTIF('Eingabe Meldungen'!$A$2:$A$492,$B$20)+1-ROW('Eingabe Meldungen'!A13)))),"",INDEX('Eingabe Meldungen'!$C$2:$C$492,LARGE(('Eingabe Meldungen'!$A$2:$A$492=$B$20)*(ROW('Eingabe Meldungen'!$A$2:$A$492)-1),COUNTIF('Eingabe Meldungen'!$A$2:$A$492,$B$20)+1-ROW('Eingabe Meldungen'!A13))))} -> Marion | C34: {=IF(ISERROR(INDEX('Eingabe Meldungen'!$D$2:$D$492,LARGE(('Eingabe Meldungen'!$A$2:$A$492=$B$20)*(ROW('Eingabe Meldungen'!$A$2:$A$492)-1),COUNTIF('Eingabe Meldungen'!$A$2:$A$492,$B$20)+1-ROW('Eingabe Meldungen'!A13)))),"",INDEX('Eingabe Meldungen'!$D$2:$D$492,LARGE(('Eingabe Meldungen'!$A$2:$A$492=$B$20)*(ROW('Eingabe Meldungen'!$A$2:$A$492)-1),COUNTIF('Eingabe Meldungen'!$A$2:$A$492,$B$20)+1-ROW('Eingabe Meldungen'!A13))))} -> Markus | D34: {=IF(B34<>"",INDEX('Eingabe Meldungen'!$C$2:$H$492,MATCH(B34&C34,'Eingabe Meldungen'!$C$2:$C$492&'Eingabe Meldungen'!$D$2:$D$492,0),6),"")} -> 1966 | E34: {=IF(B34<>"",INDEX('Eingabe Meldungen'!$C$2:$H$492,MATCH(B34&C34,'Eingabe Meldungen'!$C$2:$C$492&'Eingabe Meldungen'!$D$2:$D$492,0),4),"")} -> D | F34: 13 | H34: =RANK(G34,$G$22:$G$51,1) -> #N/A | I34: {=IF(B34<>"",INDEX('Eingabe Meldungen'!$C$2:$J$492,MATCH(B34&C34,'Eingabe Meldungen'!$C$2:$C$492&'Eingabe Meldungen'!$D$2:$D$492,0),8),"")} -> ErgoRudern Saarlouis
B35: {=IF(ISERROR(INDEX('Eingabe Meldungen'!$C$2:$C$492,LARGE(('Eingabe Meldungen'!$A$2:$A$492=$B$20)*(ROW('Eingabe Meldungen'!$A$2:$A$492)-1),COUNTIF('Eingabe Meldungen'!$A$2:$A$492,$B$20)+1-ROW('Eingabe Meldungen'!A14)))),"",INDEX('Eingabe Meldungen'!$C$2:$C$492,LARGE(('Eingabe Meldungen'!$A$2:$A$492=$B$20)*(ROW('Eingabe Meldungen'!$A$2:$A$492)-1),COUNTIF('Eingabe Meldungen'!$A$2:$A$492,$B$20)+1-ROW('Eingabe Meldungen'!A14))))} -> Grünewald | C35: {=IF(ISERROR(INDEX('Eingabe Meldungen'!$D$2:$D$492,LARGE(('Eingabe Meldungen'!$A$2:$A$492=$B$20)*(ROW('Eingabe Meldungen'!$A$2:$A$492)-1),COUNTIF('Eingabe Meldungen'!$A$2:$A$492,$B$20)+1-ROW('Eingabe Meldungen'!A14)))),"",INDEX('Eingabe Meldungen'!$D$2:$D$492,LARGE(('Eingabe Meldungen'!$A$2:$A$492=$B$20)*(ROW('Eingabe Meldungen'!$A$2:$A$492)-1),COUNTIF('Eingabe Meldungen'!$A$2:$A$492,$B$20)+1-ROW('Eingabe Meldungen'!A14))))} -> Christoph | D35: {=IF(B35<>"",INDEX('Eingabe Meldungen'!$C$2:$H$492,MATCH(B35&C35,'Eingabe Meldungen'!$C$2:$C$492&'Eingabe Meldungen'!$D$2:$D$492,0),6),"")} -> 1968 | E35: {=IF(B35<>"",INDEX('Eingabe Meldungen'!$C$2:$H$492,MATCH(B35&C35,'Eingabe Meldungen'!$C$2:$C$492&'Eingabe Meldungen'!$D$2:$D$492,0),4),"")} -> D | F35: 14 | H35: =RANK(G35,$G$22:$G$51,1) -> #N/A | I35: {=IF(B35<>"",INDEX('Eingabe Meldungen'!$C$2:$J$492,MATCH(B35&C35,'Eingabe Meldungen'!$C$2:$C$492&'Eingabe Meldungen'!$D$2:$D$492,0),8),"")} -> Marbacher Ruderverein
B36: {=IF(ISERROR(INDEX('Eingabe Meldungen'!$C$2:$C$492,LARGE(('Eingabe Meldungen'!$A$2:$A$492=$B$20)*(ROW('Eingabe Meldungen'!$A$2:$A$492)-1),COUNTIF('Eingabe Meldungen'!$A$2:$A$492,$B$20)+1-ROW('Eingabe Meldungen'!A15)))),"",INDEX('Eingabe Meldungen'!$C$2:$C$492,LARGE(('Eingabe Meldungen'!$A$2:$A$492=$B$20)*(ROW('Eingabe Meldungen'!$A$2:$A$492)-1),COUNTIF('Eingabe Meldungen'!$A$2:$A$492,$B$20)+1-ROW('Eingabe Meldungen'!A15))))} -> Rottler | C36: {=IF(ISERROR(INDEX('Eingabe Meldungen'!$D$2:$D$492,LARGE(('Eingabe Meldungen'!$A$2:$A$492=$B$20)*(ROW('Eingabe Meldungen'!$A$2:$A$492)-1),COUNTIF('Eingabe Meldungen'!$A$2:$A$492,$B$20)+1-ROW('Eingabe Meldungen'!A15)))),"",INDEX('Eingabe Meldungen'!$D$2:$D$492,LARGE(('Eingabe Meldungen'!$A$2:$A$492=$B$20)*(ROW('Eingabe Meldungen'!$A$2:$A$492)-1),COUNTIF('Eingabe Meldungen'!$A$2:$A$492,$B$20)+1-ROW('Eingabe Meldungen'!A15))))} -> Christoph | D36: {=IF(B36<>"",INDEX('Eingabe Meldungen'!$C$2:$H$492,MATCH(B36&C36,'Eingabe Meldungen'!$C$2:$C$492&'Eingabe Meldungen'!$D$2:$D$492,0),6),"")} -> 1968 | E36: {=IF(B36<>"",INDEX('Eingabe Meldungen'!$C$2:$H$492,MATCH(B36&C36,'Eingabe Meldungen'!$C$2:$C$492&'Eingabe Meldungen'!$D$2:$D$492,0),4),"")} -> D | F36: 15 | H36: =RANK(G36,$G$22:$G$51,1) -> #N/A | I36: {=IF(B36<>"",INDEX('Eingabe Meldungen'!$C$2:$J$492,MATCH(B36&C36,'Eingabe Meldungen'!$C$2:$C$492&'Eingabe Meldungen'!$D$2:$D$492,0),8),"")} -> HRG Schwaben
B37: {=IF(ISERROR(INDEX('Eingabe Meldungen'!$C$2:$C$492,LARGE(('Eingabe Meldungen'!$A$2:$A$492=$B$20)*(ROW('Eingabe Meldungen'!$A$2:$A$492)-1),COUNTIF('Eingabe Meldungen'!$A$2:$A$492,$B$20)+1-ROW('Eingabe Meldungen'!A16)))),"",INDEX('Eingabe Meldungen'!$C$2:$C$492,LARGE(('Eingabe Meldungen'!$A$2:$A$492=$B$20)*(ROW('Eingabe Meldungen'!$A$2:$A$492)-1),COUNTIF('Eingabe Meldungen'!$A$2:$A$492,$B$20)+1-ROW('Eingabe Meldungen'!A16))))} -> Grün | C37: {=IF(ISERROR(INDEX('Eingabe Meldungen'!$D$2:$D$492,LARGE(('Eingabe Meldungen'!$A$2:$A$492=$B$20)*(ROW('Eingabe Meldungen'!$A$2:$A$492)-1),COUNTIF('Eingabe Meldungen'!$A$2:$A$492,$B$20)+1-ROW('Eingabe Meldungen'!A16)))),"",INDEX('Eingabe Meldungen'!$D$2:$D$492,LARGE(('Eingabe Meldungen'!$A$2:$A$492=$B$20)*(ROW('Eingabe Meldungen'!$A$2:$A$492)-1),COUNTIF('Eingabe Meldungen'!$A$2:$A$492,$B$20)+1-ROW('Eingabe Meldungen'!A16))))} -> Michael | D37: {=IF(B37<>"",INDEX('Eingabe Meldungen'!$C$2:$H$492,MATCH(B37&C37,'Eingabe Meldungen'!$C$2:$C$492&'Eingabe Meldungen'!$D$2:$D$492,0),6),"")} -> 1968 | E37: D | F37: 16 | H37: =RANK(G37,$G$22:$G$51,1) -> #N/A | I37: {=IF(B37<>"",INDEX('Eingabe Meldungen'!$C$2:$J$492,MATCH(B37&C37,'Eingabe Meldungen'!$C$2:$C$492&'Eingabe Meldungen'!$D$2:$D$492,0),8),"")} -> HRG Schwaben
B38: {=IF(ISERROR(INDEX('Eingabe Meldungen'!$C$2:$C$492,LARGE(('Eingabe Meldungen'!$A$2:$A$492=$B$20)*(ROW('Eingabe Meldungen'!$A$2:$A$492)-1),COUNTIF('Eingabe Meldungen'!$A$2:$A$492,$B$20)+1-ROW('Eingabe Meldungen'!A17)))),"",INDEX('Eingabe Meldungen'!$C$2:$C$492,LARGE(('Eingabe Meldungen'!$A$2:$A$492=$B$20)*(ROW('Eingabe Meldungen'!$A$2:$A$492)-1),COUNTIF('Eingabe Meldungen'!$A$2:$A$492,$B$20)+1-ROW('Eingabe Meldungen'!A17))))} -> Demmer | C38: {=IF(ISERROR(INDEX('Eingabe Meldungen'!$D$2:$D$492,LARGE(('Eingabe Meldungen'!$A$2:$A$492=$B$20)*(ROW('Eingabe Meldungen'!$A$2:$A$492)-1),COUNTIF('Eingabe Meldungen'!$A$2:$A$492,$B$20)+1-ROW('Eingabe Meldungen'!A17)))),"",INDEX('Eingabe Meldungen'!$D$2:$D$492,LARGE(('Eingabe Meldungen'!$A$2:$A$492=$B$20)*(ROW('Eingabe Meldungen'!$A$2:$A$492)-1),COUNTIF('Eingabe Meldungen'!$A$2:$A$492,$B$20)+1-ROW('Eingabe Meldungen'!A17))))} -> Patrick | D38: {=IF(B38<>"",INDEX('Eingabe Meldungen'!$C$2:$H$492,MATCH(B38&C38,'Eingabe Meldungen'!$C$2:$C$492&'Eingabe Meldungen'!$D$2:$D$492,0),6),"")} -> 1969 | E38: {=IF(B38<>"",INDEX('Eingabe Meldungen'!$C$2:$H$492,MATCH(B38&C38,'Eingabe Meldungen'!$C$2:$C$492&'Eingabe Meldungen'!$D$2:$D$492,0),4),"")} -> D | F38: 17 | H38: =RANK(G38,$G$22:$G$51,1) -> #N/A | I38: {=IF(B38<>"",INDEX('Eingabe Meldungen'!$C$2:$J$492,MATCH(B38&C38,'Eingabe Meldungen'!$C$2:$C$492&'Eingabe Meldungen'!$D$2:$D$492,0),8),"")} -> HRG Schwaben
B39: {=IF(ISERROR(INDEX('Eingabe Meldungen'!$C$2:$C$492,LARGE(('Eingabe Meldungen'!$A$2:$A$492=$B$20)*(ROW('Eingabe Meldungen'!$A$2:$A$492)-1),COUNTIF('Eingabe Meldungen'!$A$2:$A$492,$B$20)+1-ROW('Eingabe Meldungen'!A18)))),"",INDEX('Eingabe Meldungen'!$C$2:$C$492,LARGE(('Eingabe Meldungen'!$A$2:$A$492=$B$20)*(ROW('Eingabe Meldungen'!$A$2:$A$492)-1),COUNTIF('Eingabe Meldungen'!$A$2:$A$492,$B$20)+1-ROW('Eingabe Meldungen'!A18))))} -> Bischoff | C39: {=IF(ISERROR(INDEX('Eingabe Meldungen'!$D$2:$D$492,LARGE(('Eingabe Meldungen'!$A$2:$A$492=$B$20)*(ROW('Eingabe Meldungen'!$A$2:$A$492)-1),COUNTIF('Eingabe Meldungen'!$A$2:$A$492,$B$20)+1-ROW('Eingabe Meldungen'!A18)))),"",INDEX('Eingabe Meldungen'!$D$2:$D$492,LARGE(('Eingabe Meldungen'!$A$2:$A$492=$B$20)*(ROW('Eingabe Meldungen'!$A$2:$A$492)-1),COUNTIF('Eingabe Meldungen'!$A$2:$A$492,$B$20)+1-ROW('Eingabe Meldungen'!A18))))} -> Rene´ | D39: {=IF(B39<>"",INDEX('Eingabe Meldungen'!$C$2:$H$492,MATCH(B39&C39,'Eingabe Meldungen'!$C$2:$C$492&'Eingabe Meldungen'!$D$2:$D$492,0),6),"")} -> 1969 | E39: {=IF(B39<>"",INDEX('Eingabe Meldungen'!$C$2:$H$492,MATCH(B39&C39,'Eingabe Meldungen'!$C$2:$C$492&'Eingabe Meldungen'!$D$2:$D$492,0),4),"")} -> D | F39: 18 | H39: =RANK(G39,$G$22:$G$51,1) -> #N/A | I39: {=IF(B39<>"",INDEX('Eingabe Meldungen'!$C$2:$J$492,MATCH(B39&C39,'Eingabe Meldungen'!$C$2:$C$492&'Eingabe Meldungen'!$D$2:$D$492,0),8),"")} -> HRG Schwaben
B40: {=IF(ISERROR(INDEX('Eingabe Meldungen'!$C$2:$C$492,LARGE(('Eingabe Meldungen'!$A$2:$A$492=$B$20)*(ROW('Eingabe Meldungen'!$A$2:$A$492)-1),COUNTIF('Eingabe Meldungen'!$A$2:$A$492,$B$20)+1-ROW('Eingabe Meldungen'!A19)))),"",INDEX('Eingabe Meldungen'!$C$2:$C$492,LARGE(('Eingabe Meldungen'!$A$2:$A$492=$B$20)*(ROW('Eingabe Meldungen'!$A$2:$A$492)-1),COUNTIF('Eingabe Meldungen'!$A$2:$A$492,$B$20)+1-ROW('Eingabe Meldungen'!A19))))} -> Veigel | C40: {=IF(ISERROR(INDEX('Eingabe Meldungen'!$D$2:$D$492,LARGE(('Eingabe Meldungen'!$A$2:$A$492=$B$20)*(ROW('Eingabe Meldungen'!$A$2:$A$492)-1),COUNTIF('Eingabe Meldungen'!$A$2:$A$492,$B$20)+1-ROW('Eingabe Meldungen'!A19)))),"",INDEX('Eingabe Meldungen'!$D$2:$D$492,LARGE(('Eingabe Meldungen'!$A$2:$A$492=$B$20)*(ROW('Eingabe Meldungen'!$A$2:$A$492)-1),COUNTIF('Eingabe Meldungen'!$A$2:$A$492,$B$20)+1-ROW('Eingabe Meldungen'!A19))))} -> Wolfram | D40: {=IF(B40<>"",INDEX('Eingabe Meldungen'!$C$2:$H$492,MATCH(B40&C40,'Eingabe Meldungen'!$C$2:$C$492&'Eingabe Meldungen'!$D$2:$D$492,0),6),"")} -> 1969 | E40: {=IF(B40<>"",INDEX('Eingabe Meldungen'!$C$2:$H$492,MATCH(B40&C40,'Eingabe Meldungen'!$C$2:$C$492&'Eingabe Meldungen'!$D$2:$D$492,0),4),"")} -> D | F40: 19 | H40: =RANK(G40,$G$22:$G$51,1) -> #N/A | I40: {=IF(B40<>"",INDEX('Eingabe Meldungen'!$C$2:$J$492,MATCH(B40&C40,'Eingabe Meldungen'!$C$2:$C$492&'Eingabe Meldungen'!$D$2:$D$492,0),8),"")} -> Marbacher Ruderverein
F41: 10
B42: {=IF(ISERROR(INDEX('Eingabe Meldungen'!$C$2:$C$492,LARGE(('Eingabe Meldungen'!$A$2:$A$492=$B$20)*(ROW('Eingabe Meldungen'!$A$2:$A$492)-1),COUNTIF('Eingabe Meldungen'!$A$2:$A$492,$B$20)+1-ROW('Eingabe Meldungen'!A20)))),"",INDEX('Eingabe Meldungen'!$C$2:$C$492,LARGE(('Eingabe Meldungen'!$A$2:$A$492=$B$20)*(ROW('Eingabe Meldungen'!$A$2:$A$492)-1),COUNTIF('Eingabe Meldungen'!$A$2:$A$492,$B$20)+1-ROW('Eingabe Meldungen'!A20))))} -> Blank | C42: {=IF(ISERROR(INDEX('Eingabe Meldungen'!$D$2:$D$492,LARGE(('Eingabe Meldungen'!$A$2:$A$492=$B$20)*(ROW('Eingabe Meldungen'!$A$2:$A$492)-1),COUNTIF('Eingabe Meldungen'!$A$2:$A$492,$B$20)+1-ROW('Eingabe Meldungen'!A20)))),"",INDEX('Eingabe Meldungen'!$D$2:$D$492,LARGE(('Eingabe Meldungen'!$A$2:$A$492=$B$20)*(ROW('Eingabe Meldungen'!$A$2:$A$492)-1),COUNTIF('Eingabe Meldungen'!$A$2:$A$492,$B$20)+1-ROW('Eingabe Meldungen'!A20))))} -> Hannes | D42: {=IF(B42<>"",INDEX('Eingabe Meldungen'!$C$2:$H$492,MATCH(B42&C42,'Eingabe Meldungen'!$C$2:$C$492&'Eingabe Meldungen'!$D$2:$D$492,0),6),"")} -> 1971 | E42: {=IF(B42<>"",INDEX('Eingabe Meldungen'!$C$2:$H$492,MATCH(B42&C42,'Eingabe Meldungen'!$C$2:$C$492&'Eingabe Meldungen'!$D$2:$D$492,0),4),"")} -> C | F42: 1 | H42: =RANK(G42,$G$22:$G$51,1) -> #N/A | I42: {=IF(B42<>"",INDEX('Eingabe Meldungen'!$C$2:$J$492,MATCH(B42&C42,'Eingabe Meldungen'!$C$2:$C$492&'Eingabe Meldungen'!$D$2:$D$492,0),8),"")} -> Karlsruher Ruder-Verein Wiking | K42: A3
B43: {=IF(ISERROR(INDEX('Eingabe Meldungen'!$C$2:$C$492,LARGE(('Eingabe Meldungen'!$A$2:$A$492=$B$20)*(ROW('Eingabe Meldungen'!$A$2:$A$492)-1),COUNTIF('Eingabe Meldungen'!$A$2:$A$492,$B$20)+1-ROW('Eingabe Meldungen'!A21)))),"",INDEX('Eingabe Meldungen'!$C$2:$C$492,LARGE(('Eingabe Meldungen'!$A$2:$A$492=$B$20)*(ROW('Eingabe Meldungen'!$A$2:$A$492)-1),COUNTIF('Eingabe Meldungen'!$A$2:$A$492,$B$20)+1-ROW('Eingabe Meldungen'!A21))))} -> Fouque | C43: {=IF(ISERROR(INDEX('Eingabe Meldungen'!$D$2:$D$492,LARGE(('Eingabe Meldungen'!$A$2:$A$492=$B$20)*(ROW('Eingabe Meldungen'!$A$2:$A$492)-1),COUNTIF('Eingabe Meldungen'!$A$2:$A$492,$B$20)+1-ROW('Eingabe Meldungen'!A21)))),"",INDEX('Eingabe Meldungen'!$D$2:$D$492,LARGE(('Eingabe Meldungen'!$A$2:$A$492=$B$20)*(ROW('Eingabe Meldungen'!$A$2:$A$492)-1),COUNTIF('Eingabe Meldungen'!$A$2:$A$492,$B$20)+1-ROW('Eingabe Meldungen'!A21))))} -> Martin | D43: {=IF(B43<>"",INDEX('Eingabe Meldungen'!$C$2:$H$492,MATCH(B43&C43,'Eingabe Meldungen'!$C$2:$C$492&'Eingabe Meldungen'!$D$2:$D$492,0),6),"")} -> 1971 | E43: {=IF(B43<>"",INDEX('Eingabe Meldungen'!$C$2:$H$492,MATCH(B43&C43,'Eingabe Meldungen'!$C$2:$C$492&'Eingabe Meldungen'!$D$2:$D$492,0),4),"")} -> C | F43: 2 | H43: =RANK(G43,$G$22:$G$51,1) -> #N/A | I43: {=IF(B43<>"",INDEX('Eingabe Meldungen'!$C$2:$J$492,MATCH(B43&C43,'Eingabe Meldungen'!$C$2:$C$492&'Eingabe Meldungen'!$D$2:$D$492,0),8),"")} -> RC Nürtingen
B44: {=IF(ISERROR(INDEX('Eingabe Meldungen'!$C$2:$C$492,LARGE(('Eingabe Meldungen'!$A$2:$A$492=$B$20)*(ROW('Eingabe Meldungen'!$A$2:$A$492)-1),COUNTIF('Eingabe Meldungen'!$A$2:$A$492,$B$20)+1-ROW('Eingabe Meldungen'!A22)))),"",INDEX('Eingabe Meldungen'!$C$2:$C$492,LARGE(('Eingabe Meldungen'!$A$2:$A$492=$B$20)*(ROW('Eingabe Meldungen'!$A$2:$A$492)-1),COUNTIF('Eingabe Meldungen'!$A$2:$A$492,$B$20)+1-ROW('Eingabe Meldungen'!A22))))} -> Burger | C44: {=IF(ISERROR(INDEX('Eingabe Meldungen'!$D$2:$D$492,LARGE(('Eingabe Meldungen'!$A$2:$A$492=$B$20)*(ROW('Eingabe Meldungen'!$A$2:$A$492)-1),COUNTIF('Eingabe Meldungen'!$A$2:$A$492,$B$20)+1-ROW('Eingabe Meldungen'!A22)))),"",INDEX('Eingabe Meldungen'!$D$2:$D$492,LARGE(('Eingabe Meldungen'!$A$2:$A$492=$B$20)*(ROW('Eingabe Meldungen'!$A$2:$A$492)-1),COUNTIF('Eingabe Meldungen'!$A$2:$A$492,$B$20)+1-ROW('Eingabe Meldungen'!A22))))} -> Max | D44: {=IF(B44<>"",INDEX('Eingabe Meldungen'!$C$2:$H$492,MATCH(B44&C44,'Eingabe Meldungen'!$C$2:$C$492&'Eingabe Meldungen'!$D$2:$D$492,0),6),"")} -> 1975 | E44: {=IF(B44<>"",INDEX('Eingabe Meldungen'!$C$2:$H$492,MATCH(B44&C44,'Eingabe Meldungen'!$C$2:$C$492&'Eingabe Meldungen'!$D$2:$D$492,0),4),"")} -> C | F44: 3 | H44: =RANK(G44,$G$22:$G$51,1) -> #N/A | I44: {=IF(B44<>"",INDEX('Eingabe Meldungen'!$C$2:$J$492,MATCH(B44&C44,'Eingabe Meldungen'!$C$2:$C$492&'Eingabe Meldungen'!$D$2:$D$492,0),8),"")} -> Heidelberger Ruderklub
B45: {=IF(ISERROR(INDEX('Eingabe Meldungen'!$C$2:$C$492,LARGE(('Eingabe Meldungen'!$A$2:$A$492=$B$20)*(ROW('Eingabe Meldungen'!$A$2:$A$492)-1),COUNTIF('Eingabe Meldungen'!$A$2:$A$492,$B$20)+1-ROW('Eingabe Meldungen'!A23)))),"",INDEX('Eingabe Meldungen'!$C$2:$C$492,LARGE(('Eingabe Meldungen'!$A$2:$A$492=$B$20)*(ROW('Eingabe Meldungen'!$A$2:$A$492)-1),COUNTIF('Eingabe Meldungen'!$A$2:$A$492,$B$20)+1-ROW('Eingabe Meldungen'!A23))))} -> Schönmann Fink | C45: {=IF(ISERROR(INDEX('Eingabe Meldungen'!$D$2:$D$492,LARGE(('Eingabe Meldungen'!$A$2:$A$492=$B$20)*(ROW('Eingabe Meldungen'!$A$2:$A$492)-1),COUNTIF('Eingabe Meldungen'!$A$2:$A$492,$B$20)+1-ROW('Eingabe Meldungen'!A23)))),"",INDEX('Eingabe Meldungen'!$D$2:$D$492,LARGE(('Eingabe Meldungen'!$A$2:$A$492=$B$20)*(ROW('Eingabe Meldungen'!$A$2:$A$492)-1),COUNTIF('Eingabe Meldungen'!$A$2:$A$492,$B$20)+1-ROW('Eingabe Meldungen'!A23))))} -> Matthias | D45: {=IF(B45<>"",INDEX('Eingabe Meldungen'!$C$2:$H$492,MATCH(B45&C45,'Eingabe Meldungen'!$C$2:$C$492&'Eingabe Meldungen'!$D$2:$D$492,0),6),"")} -> 1979 | E45: {=IF(B45<>"",INDEX('Eingabe Meldungen'!$C$2:$H$492,MATCH(B45&C45,'Eingabe Meldungen'!$C$2:$C$492&'Eingabe Meldungen'!$D$2:$D$492,0),4),"")} -> B | F45: 4 | H45: =RANK(G45,$G$22:$G$51,1) -> #N/A | I45: {=IF(B45<>"",INDEX('Eingabe Meldungen'!$C$2:$J$492,MATCH(B45&C45,'Eingabe Meldungen'!$C$2:$C$492&'Eingabe Meldungen'!$D$2:$D$492,0),8),"")} -> RC Neptun Neckarelz
B46: {=IF(ISERROR(INDEX('Eingabe Meldungen'!$C$2:$C$492,LARGE(('Eingabe Meldungen'!$A$2:$A$492=$B$20)*(ROW('Eingabe Meldungen'!$A$2:$A$492)-1),COUNTIF('Eingabe Meldungen'!$A$2:$A$492,$B$20)+1-ROW('Eingabe Meldungen'!A24)))),"",INDEX('Eingabe Meldungen'!$C$2:$C$492,LARGE(('Eingabe Meldungen'!$A$2:$A$492=$B$20)*(ROW('Eingabe Meldungen'!$A$2:$A$492)-1),COUNTIF('Eingabe Meldungen'!$A$2:$A$492,$B$20)+1-ROW('Eingabe Meldungen'!A24))))} -> Wöppel | C46: {=IF(ISERROR(INDEX('Eingabe Meldungen'!$D$2:$D$492,LARGE(('Eingabe Meldungen'!$A$2:$A$492=$B$20)*(ROW('Eingabe Meldungen'!$A$2:$A$492)-1),COUNTIF('Eingabe Meldungen'!$A$2:$A$492,$B$20)+1-ROW('Eingabe Meldungen'!A24)))),"",INDEX('Eingabe Meldungen'!$D$2:$D$492,LARGE(('Eingabe Meldungen'!$A$2:$A$492=$B$20)*(ROW('Eingabe Meldungen'!$A$2:$A$492)-1),COUNTIF('Eingabe Meldungen'!$A$2:$A$492,$B$20)+1-ROW('Eingabe Meldungen'!A24))))} -> Stefan | D46: {=IF(B46<>"",INDEX('Eingabe Meldungen'!$C$2:$H$492,MATCH(B46&C46,'Eingabe Meldungen'!$C$2:$C$492&'Eingabe Meldungen'!$D$2:$D$492,0),6),"")} -> 1967 | E46: {=IF(B46<>"",INDEX('Eingabe Meldungen'!$C$2:$H$492,MATCH(B46&C46,'Eingabe Meldungen'!$C$2:$C$492&'Eingabe Meldungen'!$D$2:$D$492,0),4),"")} -> D | F46: 5 | H46: =RANK(G46,$G$22:$G$51,1) -> #N/A | I46: {=IF(B46<>"",INDEX('Eingabe Meldungen'!$C$2:$J$492,MATCH(B46&C46,'Eingabe Meldungen'!$C$2:$C$492&'Eingabe Meldungen'!$D$2:$D$492,0),8),"")} -> WSV Schifferclub Neckarrems
B47: {=IF(ISERROR(INDEX('Eingabe Meldungen'!$C$2:$C$492,LARGE(('Eingabe Meldungen'!$A$2:$A$492=$B$20)*(ROW('Eingabe Meldungen'!$A$2:$A$492)-1),COUNTIF('Eingabe Meldungen'!$A$2:$A$492,$B$20)+1-ROW('Eingabe Meldungen'!A25)))),"",INDEX('Eingabe Meldungen'!$C$2:$C$492,LARGE(('Eingabe Meldungen'!$A$2:$A$492=$B$20)*(ROW('Eingabe Meldungen'!$A$2:$A$492)-1),COUNTIF('Eingabe Meldungen'!$A$2:$A$492,$B$20)+1-ROW('Eingabe Meldungen'!A25))))} -> Lentner | C47: {=IF(ISERROR(INDEX('Eingabe Meldungen'!$D$2:$D$492,LARGE(('Eingabe Meldungen'!$A$2:$A$492=$B$20)*(ROW('Eingabe Meldungen'!$A$2:$A$492)-1),COUNTIF('Eingabe Meldungen'!$A$2:$A$492,$B$20)+1-ROW('Eingabe Meldungen'!A25)))),"",INDEX('Eingabe Meldungen'!$D$2:$D$492,LARGE(('Eingabe Meldungen'!$A$2:$A$492=$B$20)*(ROW('Eingabe Meldungen'!$A$2:$A$492)-1),COUNTIF('Eingabe Meldungen'!$A$2:$A$492,$B$20)+1-ROW('Eingabe Meldungen'!A25))))} -> Bernhard | D47: {=IF(B47<>"",INDEX('Eingabe Meldungen'!$C$2:$H$492,MATCH(B47&C47,'Eingabe Meldungen'!$C$2:$C$492&'Eingabe Meldungen'!$D$2:$D$492,0),6),"")} -> 1959 | E47: {=IF(B47<>"",INDEX('Eingabe Meldungen'!$C$2:$H$492,MATCH(B47&C47,'Eingabe Meldungen'!$C$2:$C$492&'Eingabe Meldungen'!$D$2:$D$492,0),4),"")} -> F | F47: 6 | H47: =RANK(G47,$G$22:$G$51,1) -> #N/A | I47: {=IF(B47<>"",INDEX('Eingabe Meldungen'!$C$2:$J$492,MATCH(B47&C47,'Eingabe Meldungen'!$C$2:$C$492&'Eingabe Meldungen'!$D$2:$D$492,0),8),"")} -> WSV Schifferclub Neckarrems
B48: {=IF(ISERROR(INDEX('Eingabe Meldungen'!$C$2:$C$492,LARGE(('Eingabe Meldungen'!$A$2:$A$492=$B$20)*(ROW('Eingabe Meldungen'!$A$2:$A$492)-1),COUNTIF('Eingabe Meldungen'!$A$2:$A$492,$B$20)+1-ROW('Eingabe Meldungen'!A26)))),"",INDEX('Eingabe Meldungen'!$C$2:$C$492,LARGE(('Eingabe Meldungen'!$A$2:$A$492=$B$20)*(ROW('Eingabe Meldungen'!$A$2:$A$492)-1),COUNTIF('Eingabe Meldungen'!$A$2:$A$492,$B$20)+1-ROW('Eingabe Meldungen'!A26))))} | C48: {=IF(ISERROR(INDEX('Eingabe Meldungen'!$D$2:$D$492,LARGE(('Eingabe Meldungen'!$A$2:$A$492=$B$20)*(ROW('Eingabe Meldungen'!$A$2:$A$492)-1),COUNTIF('Eingabe Meldungen'!$A$2:$A$492,$B$20)+1-ROW('Eingabe Meldungen'!A26)))),"",INDEX('Eingabe Meldungen'!$D$2:$D$492,LARGE(('Eingabe Meldungen'!$A$2:$A$492=$B$20)*(ROW('Eingabe Meldungen'!$A$2:$A$492)-1),COUNTIF('Eingabe Meldungen'!$A$2:$A$492,$B$20)+1-ROW('Eingabe Meldungen'!A26))))} | D48: {=IF(B48<>"",INDEX('Eingabe Meldungen'!$C$2:$H$492,MATCH(B48&C48,'Eingabe Meldungen'!$C$2:$C$492&'Eingabe Meldungen'!$D$2:$D$492,0),6),"")} | E48: {=IF(B48<>"",INDEX('Eingabe Meldungen'!$C$2:$H$492,MATCH(B48&C48,'Eingabe Meldungen'!$C$2:$C$492&'Eingabe Meldungen'!$D$2:$D$492,0),4),"")} | F48: 7 | H48: =RANK(G48,$G$22:$G$51,1) -> #N/A | I48: {=IF(B48<>"",INDEX('Eingabe Meldungen'!$C$2:$J$492,MATCH(B48&C48,'Eingabe Meldungen'!$C$2:$C$492&'Eingabe Meldungen'!$D$2:$D$492,0),8),"")}
B49: {=IF(ISERROR(INDEX('Eingabe Meldungen'!$C$2:$C$492,LARGE(('Eingabe Meldungen'!$A$2:$A$492=$B$20)*(ROW('Eingabe Meldungen'!$A$2:$A$492)-1),COUNTIF('Eingabe Meldungen'!$A$2:$A$492,$B$20)+1-ROW('Eingabe Meldungen'!A27)))),"",INDEX('Eingabe Meldungen'!$C$2:$C$492,LARGE(('Eingabe Meldungen'!$A$2:$A$492=$B$20)*(ROW('Eingabe Meldungen'!$A$2:$A$492)-1),COUNTIF('Eingabe Meldungen'!$A$2:$A$492,$B$20)+1-ROW('Eingabe Meldungen'!A27))))} | C49: {=IF(ISERROR(INDEX('Eingabe Meldungen'!$D$2:$D$492,LARGE(('Eingabe Meldungen'!$A$2:$A$492=$B$20)*(ROW('Eingabe Meldungen'!$A$2:$A$492)-1),COUNTIF('Eingabe Meldungen'!$A$2:$A$492,$B$20)+1-ROW('Eingabe Meldungen'!A27)))),"",INDEX('Eingabe Meldungen'!$D$2:$D$492,LARGE(('Eingabe Meldungen'!$A$2:$A$492=$B$20)*(ROW('Eingabe Meldungen'!$A$2:$A$492)-1),COUNTIF('Eingabe Meldungen'!$A$2:$A$492,$B$20)+1-ROW('Eingabe Meldungen'!A27))))} | D49: {=IF(B49<>"",INDEX('Eingabe Meldungen'!$C$2:$H$492,MATCH(B49&C49,'Eingabe Meldungen'!$C$2:$C$492&'Eingabe Meldungen'!$D$2:$D$492,0),6),"")} | E49: {=IF(B49<>"",INDEX('Eingabe Meldungen'!$C$2:$H$492,MATCH(B49&C49,'Eingabe Meldungen'!$C$2:$C$492&'Eingabe Meldungen'!$D$2:$D$492,0),4),"")} | F49: 8 | H49: =RANK(G49,$G$22:$G$51,1) -> #N/A | I49: {=IF(B49<>"",INDEX('Eingabe Meldungen'!$C$2:$J$492,MATCH(B49&C49,'Eingabe Meldungen'!$C$2:$C$492&'Eingabe Meldungen'!$D$2:$D$492,0),8),"")}
B50: {=IF(ISERROR(INDEX('Eingabe Meldungen'!$C$2:$C$492,LARGE(('Eingabe Meldungen'!$A$2:$A$492=$B$20)*(ROW('Eingabe Meldungen'!$A$2:$A$492)-1),COUNTIF('Eingabe Meldungen'!$A$2:$A$492,$B$20)+1-ROW('Eingabe Meldungen'!A28)))),"",INDEX('Eingabe Meldungen'!$C$2:$C$492,LARGE(('Eingabe Meldungen'!$A$2:$A$492=$B$20)*(ROW('Eingabe Meldungen'!$A$2:$A$492)-1),COUNTIF('Eingabe Meldungen'!$A$2:$A$492,$B$20)+1-ROW('Eingabe Meldungen'!A28))))} | C50: {=IF(ISERROR(INDEX('Eingabe Meldungen'!$D$2:$D$492,LARGE(('Eingabe Meldungen'!$A$2:$A$492=$B$20)*(ROW('Eingabe Meldungen'!$A$2:$A$492)-1),COUNTIF('Eingabe Meldungen'!$A$2:$A$492,$B$20)+1-ROW('Eingabe Meldungen'!A28)))),"",INDEX('Eingabe Meldungen'!$D$2:$D$492,LARGE(('Eingabe Meldungen'!$A$2:$A$492=$B$20)*(ROW('Eingabe Meldungen'!$A$2:$A$492)-1),COUNTIF('Eingabe Meldungen'!$A$2:$A$492,$B$20)+1-ROW('Eingabe Meldungen'!A28))))} | D50: {=IF(B50<>"",INDEX('Eingabe Meldungen'!$C$2:$H$492,MATCH(B50&C50,'Eingabe Meldungen'!$C$2:$C$492&'Eingabe Meldungen'!$D$2:$D$492,0),6),"")} | E50: {=IF(B50<>"",INDEX('Eingabe Meldungen'!$C$2:$H$492,MATCH(B50&C50,'Eingabe Meldungen'!$C$2:$C$492&'Eingabe Meldungen'!$D$2:$D$492,0),4),"")} | F50: 9 | H50: =RANK(G50,$G$22:$G$51,1) -> #N/A | I50: {=IF(B50<>"",INDEX('Eingabe Meldungen'!$C$2:$J$492,MATCH(B50&C50,'Eingabe Meldungen'!$C$2:$C$492&'Eingabe Meldungen'!$D$2:$D$492,0),8),"")}
B51: {=IF(ISERROR(INDEX('Eingabe Meldungen'!$C$2:$C$492,LARGE(('Eingabe Meldungen'!$A$2:$A$492=$B$20)*(ROW('Eingabe Meldungen'!$A$2:$A$492)-1),COUNTIF('Eingabe Meldungen'!$A$2:$A$492,$B$20)+1-ROW('Eingabe Meldungen'!A29)))),"",INDEX('Eingabe Meldungen'!$C$2:$C$492,LARGE(('Eingabe Meldungen'!$A$2:$A$492=$B$20)*(ROW('Eingabe Meldungen'!$A$2:$A$492)-1),COUNTIF('Eingabe Meldungen'!$A$2:$A$492,$B$20)+1-ROW('Eingabe Meldungen'!A29))))} | C51: {=IF(ISERROR(INDEX('Eingabe Meldungen'!$D$2:$D$492,LARGE(('Eingabe Meldungen'!$A$2:$A$492=$B$20)*(ROW('Eingabe Meldungen'!$A$2:$A$492)-1),COUNTIF('Eingabe Meldungen'!$A$2:$A$492,$B$20)+1-ROW('Eingabe Meldungen'!A29)))),"",INDEX('Eingabe Meldungen'!$D$2:$D$492,LARGE(('Eingabe Meldungen'!$A$2:$A$492=$B$20)*(ROW('Eingabe Meldungen'!$A$2:$A$492)-1),COUNTIF('Eingabe Meldungen'!$A$2:$A$492,$B$20)+1-ROW('Eingabe Meldungen'!A29))))} | D51: {=IF(B51<>"",INDEX('Eingabe Meldungen'!$C$2:$H$492,MATCH(B51&C51,'Eingabe Meldungen'!$C$2:$C$492&'Eingabe Meldungen'!$D$2:$D$492,0),6),"")} | E51: {=IF(B51<>"",INDEX('Eingabe Meldungen'!$C$2:$H$492,MATCH(B51&C51,'Eingabe Meldungen'!$C$2:$C$492&'Eingabe Meldungen'!$D$2:$D$492,0),4),"")} | F51: 10 | H51: =RANK(G51,$G$22:$G$51,1) -> #N/A | I51: {=IF(B51<>"",INDEX('Eingabe Meldungen'!$C$2:$J$492,MATCH(B51&C51,'Eingabe Meldungen'!$C$2:$C$492&'Eingabe Meldungen'!$D$2:$D$492,0),8),"")}
B53: 3 | C53: =VLOOKUP(B53,Ausschreibung!$B$5:$I$35,2,FALSE) -> Ergocup | D53: A1 11:40 A2 11:48 | E53: Jungen U14, 1000m | F53: =VLOOKUP(B53,Ausschreibung!$B$5:$I$35,5,FALSE) -> Lgw. bis 50 kg | G53: =VLOOKUP(B53,Ausschreibung!$B$5:$I$35,6,FALSE) -> 13 und jünger | H53: =VLOOKUP(B53,Ausschreibung!$B$5:$I$35,8,FALSE) -> 1000 m | I53: A2 startet mit Rennen 4 A1
B54: Name | C54: Vorname | D54: Jhg | E54: Klasse | F54: Ergonummer | G54: Ergebnis | H54: Platzierung | I54: Verein
B55: {=IF(ISERROR(INDEX('Eingabe Meldungen'!$C$2:$C$492,LARGE(('Eingabe Meldungen'!$A$2:$A$492=$B$53)*(ROW('Eingabe Meldungen'!$A$2:$A$492)-1),COUNTIF('Eingabe Meldungen'!$A$2:$A$492,$B$53)+1-ROW('Eingabe Meldungen'!A1)))),"",INDEX('Eingabe Meldungen'!$C$2:$C$492,LARGE(('Eingabe Meldungen'!$A$2:$A$492=$B$53)*(ROW('Eingabe Meldungen'!$A$2:$A$492)-1),COUNTIF('Eingabe Meldungen'!$A$2:$A$492,$B$53)+1-ROW('Eingabe Meldungen'!A1))))} -> Hartig | C55: {=IF(ISERROR(INDEX('Eingabe Meldungen'!$D$2:$D$492,LARGE(('Eingabe Meldungen'!$A$2:$A$492=$B$53)*(ROW('Eingabe Meldungen'!$A$2:$A$492)-1),COUNTIF('Eingabe Meldungen'!$A$2:$A$492,$B$53)+1-ROW('Eingabe Meldungen'!A1)))),"",INDEX('Eingabe Meldungen'!$D$2:$D$492,LARGE(('Eingabe Meldungen'!$A$2:$A$492=$B$53)*(ROW('Eingabe Meldungen'!$A$2:$A$492)-1),COUNTIF('Eingabe Meldungen'!$A$2:$A$492,$B$53)+1-ROW('Eingabe Meldungen'!A1))))} -> Ben | D55: {=IF(B55<>"",INDEX('Eingabe Meldungen'!$C$2:$H$492,MATCH(B55&C55,'Eingabe Meldungen'!$C$2:$C$492&'Eingabe Meldungen'!$D$2:$D$492,0),6),"")} -> 2007 | E55: {=IF(B55<>"",INDEX('Eingabe Meldungen'!$C$2:$H$492,MATCH(B55&C55,'Eingabe Meldungen'!$C$2:$C$492&'Eingabe Meldungen'!$D$2:$D$492,0),4),"")} -> Lgw. bis 50 kg | F55: 1 | H55: =RANK(G55,$G$55:$G$70,1) -> #N/A | I55: {=IF(B55<>"",INDEX('Eingabe Meldungen'!$C$2:$J$492,MATCH(B55&C55,'Eingabe Meldungen'!$C$2:$C$492&'Eingabe Meldungen'!$D$2:$D$492,0),8),"")} -> Heidelberger Ruderklub | K55: A1
B56: {=IF(ISERROR(INDEX('Eingabe Meldungen'!$C$2:$C$492,LARGE(('Eingabe Meldungen'!$A$2:$A$492=$B$53)*(ROW('Eingabe Meldungen'!$A$2:$A$492)-1),COUNTIF('Eingabe Meldungen'!$A$2:$A$492,$B$53)+1-ROW('Eingabe Meldungen'!A2)))),"",INDEX('Eingabe Meldungen'!$C$2:$C$492,LARGE(('Eingabe Meldungen'!$A$2:$A$492=$B$53)*(ROW('Eingabe Meldungen'!$A$2:$A$492)-1),COUNTIF('Eingabe Meldungen'!$A$2:$A$492,$B$53)+1-ROW('Eingabe Meldungen'!A2))))} -> Wieland | C56: {=IF(ISERROR(INDEX('Eingabe Meldungen'!$D$2:$D$492,LARGE(('Eingabe Meldungen'!$A$2:$A$492=$B$53)*(ROW('Eingabe Meldungen'!$A$2:$A$492)-1),COUNTIF('Eingabe Meldungen'!$A$2:$A$492,$B$53)+1-ROW('Eingabe Meldungen'!A2)))),"",INDEX('Eingabe Meldungen'!$D$2:$D$492,LARGE(('Eingabe Meldungen'!$A$2:$A$492=$B$53)*(ROW('Eingabe Meldungen'!$A$2:$A$492)-1),COUNTIF('Eingabe Meldungen'!$A$2:$A$492,$B$53)+1-ROW('Eingabe Meldungen'!A2))))} -> Lennart | D56: {=IF(B56<>"",INDEX('Eingabe Meldungen'!$C$2:$H$492,MATCH(B56&C56,'Eingabe Meldungen'!$C$2:$C$492&'Eingabe Meldungen'!$D$2:$D$492,0),6),"")} -> 2007 | E56: {=IF(B56<>"",INDEX('Eingabe Meldungen'!$C$2:$H$492,MATCH(B56&C56,'Eingabe Meldungen'!$C$2:$C$492&'Eingabe Meldungen'!$D$2:$D$492,0),4),"")} -> Lgw. bis 50 kg | F56: 2 | H56: =RANK(G56,$G$55:$G$70,1) -> #N/A | I56: {=IF(B56<>"",INDEX('Eingabe Meldungen'!$C$2:$J$492,MATCH(B56&C56,'Eingabe Meldungen'!$C$2:$C$492&'Eingabe Meldungen'!$D$2:$D$492,0),8),"")} -> RV Waldsee
B57: {=IF(ISERROR(INDEX('Eingabe Meldungen'!$C$2:$C$492,LARGE(('Eingabe Meldungen'!$A$2:$A$492=$B$53)*(ROW('Eingabe Meldungen'!$A$2:$A$492)-1),COUNTIF('Eingabe Meldungen'!$A$2:$A$492,$B$53)+1-ROW('Eingabe Meldungen'!A3)))),"",INDEX('Eingabe Meldungen'!$C$2:$C$492,LARGE(('Eingabe Meldungen'!$A$2:$A$492=$B$53)*(ROW('Eingabe Meldungen'!$A$2:$A$492)-1),COUNTIF('Eingabe Meldungen'!$A$2:$A$492,$B$53)+1-ROW('Eingabe Meldungen'!A3))))} -> Sprauer | C57: {=IF(ISERROR(INDEX('Eingabe Meldungen'!$D$2:$D$492,LARGE(('Eingabe Meldungen'!$A$2:$A$492=$B$53)*(ROW('Eingabe Meldungen'!$A$2:$A$492)-1),COUNTIF('Eingabe Meldungen'!$A$2:$A$492,$B$53)+1-ROW('Eingabe Meldungen'!A3)))),"",INDEX('Eingabe Meldungen'!$D$2:$D$492,LARGE(('Eingabe Meldungen'!$A$2:$A$492=$B$53)*(ROW('Eingabe Meldungen'!$A$2:$A$492)-1),COUNTIF('Eingabe Meldungen'!$A$2:$A$492,$B$53)+1-ROW('Eingabe Meldungen'!A3))))} -> Levin | D57: {=IF(B57<>"",INDEX('Eingabe Meldungen'!$C$2:$H$492,MATCH(B57&C57,'Eingabe Meldungen'!$C$2:$C$492&'Eingabe Meldungen'!$D$2:$D$492,0),6),"")} -> 2007 | E57: {=IF(B57<>"",INDEX('Eingabe Meldungen'!$C$2:$H$492,MATCH(B57&C57,'Eingabe Meldungen'!$C$2:$C$492&'Eingabe Meldungen'!$D$2:$D$492,0),4),"")} -> Lgw. bis 50 kg | F57: 3 | H57: =RANK(G57,$G$55:$G$70,1) -> #N/A | I57: {=IF(B57<>"",INDEX('Eingabe Meldungen'!$C$2:$J$492,MATCH(B57&C57,'Eingabe Meldungen'!$C$2:$C$492&'Eingabe Meldungen'!$D$2:$D$492,0),8),"")} -> Mannheimer RV "Amicitia"
B58: {=IF(ISERROR(INDEX('Eingabe Meldungen'!$C$2:$C$492,LARGE(('Eingabe Meldungen'!$A$2:$A$492=$B$53)*(ROW('Eingabe Meldungen'!$A$2:$A$492)-1),COUNTIF('Eingabe Meldungen'!$A$2:$A$492,$B$53)+1-ROW('Eingabe Meldungen'!A4)))),"",INDEX('Eingabe Meldungen'!$C$2:$C$492,LARGE(('Eingabe Meldungen'!$A$2:$A$492=$B$53)*(ROW('Eingabe Meldungen'!$A$2:$A$492)-1),COUNTIF('Eingabe Meldungen'!$A$2:$A$492,$B$53)+1-ROW('Eingabe Meldungen'!A4))))} -> Deuter | C58: {=IF(ISERROR(INDEX('Eingabe Meldungen'!$D$2:$D$492,LARGE(('Eingabe Meldungen'!$A$2:$A$492=$B$53)*(ROW('Eingabe Meldungen'!$A$2:$A$492)-1),COUNTIF('Eingabe Meldungen'!$A$2:$A$492,$B$53)+1-ROW('Eingabe Meldungen'!A4)))),"",INDEX('Eingabe Meldungen'!$D$2:$D$492,LARGE(('Eingabe Meldungen'!$A$2:$A$492=$B$53)*(ROW('Eingabe Meldungen'!$A$2:$A$492)-1),COUNTIF('Eingabe Meldungen'!$A$2:$A$492,$B$53)+1-ROW('Eingabe Meldungen'!A4))))} -> Lucius | D58: {=IF(B58<>"",INDEX('Eingabe Meldungen'!$C$2:$H$492,MATCH(B58&C58,'Eingabe Meldungen'!$C$2:$C$492&'Eingabe Meldungen'!$D$2:$D$492,0),6),"")} -> 2007 | E58: {=IF(B58<>"",INDEX('Eingabe Meldungen'!$C$2:$H$492,MATCH(B58&C58,'Eingabe Meldungen'!$C$2:$C$492&'Eingabe Meldungen'!$D$2:$D$492,0),4),"")} -> Lgw. bis 50 kg | F58: 4 | H58: =RANK(G58,$G$55:$G$70,1) -> #N/A | I58: {=IF(B58<>"",INDEX('Eingabe Meldungen'!$C$2:$J$492,MATCH(B58&C58,'Eingabe Meldungen'!$C$2:$C$492&'Eingabe Meldungen'!$D$2:$D$492,0),8),"")} -> Mannheimer RV "Amicitia"
B59: {=IF(ISERROR(INDEX('Eingabe Meldungen'!$C$2:$C$492,LARGE(('Eingabe Meldungen'!$A$2:$A$492=$B$53)*(ROW('Eingabe Meldungen'!$A$2:$A$492)-1),COUNTIF('Eingabe Meldungen'!$A$2:$A$492,$B$53)+1-ROW('Eingabe Meldungen'!A5)))),"",INDEX('Eingabe Meldungen'!$C$2:$C$492,LARGE(('Eingabe Meldungen'!$A$2:$A$492=$B$53)*(ROW('Eingabe Meldungen'!$A$2:$A$492)-1),COUNTIF('Eingabe Meldungen'!$A$2:$A$492,$B$53)+1-ROW('Eingabe Meldungen'!A5))))} -> Roob | C59: {=IF(ISERROR(INDEX('Eingabe Meldungen'!$D$2:$D$492,LARGE(('Eingabe Meldungen'!$A$2:$A$492=$B$53)*(ROW('Eingabe Meldungen'!$A$2:$A$492)-1),COUNTIF('Eingabe Meldungen'!$A$2:$A$492,$B$53)+1-ROW('Eingabe Meldungen'!A5)))),"",INDEX('Eingabe Meldungen'!$D$2:$D$492,LARGE(('Eingabe Meldungen'!$A$2:$A$492=$B$53)*(ROW('Eingabe Meldungen'!$A$2:$A$492)-1),COUNTIF('Eingabe Meldungen'!$A$2:$A$492,$B$53)+1-ROW('Eingabe Meldungen'!A5))))} -> Milo | D59: {=IF(B59<>"",INDEX('Eingabe Meldungen'!$C$2:$H$492,MATCH(B59&C59,'Eingabe Meldungen'!$C$2:$C$492&'Eingabe Meldungen'!$D$2:$D$492,0),6),"")} -> 2007 | E59: {=IF(B59<>"",INDEX('Eingabe Meldungen'!$C$2:$H$492,MATCH(B59&C59,'Eingabe Meldungen'!$C$2:$C$492&'Eingabe Meldungen'!$D$2:$D$492,0),4),"")} -> Lgw. bis 50 kg | F59: 5 | H59: =RANK(G59,$G$55:$G$70,1) -> #N/A | I59: {=IF(B59<>"",INDEX('Eingabe Meldungen'!$C$2:$J$492,MATCH(B59&C59,'Eingabe Meldungen'!$C$2:$C$492&'Eingabe Meldungen'!$D$2:$D$492,0),8),"")} -> Mannheimer RV "Amicitia"
B60: {=IF(ISERROR(INDEX('Eingabe Meldungen'!$C$2:$C$492,LARGE(('Eingabe Meldungen'!$A$2:$A$492=$B$53)*(ROW('Eingabe Meldungen'!$A$2:$A$492)-1),COUNTIF('Eingabe Meldungen'!$A$2:$A$492,$B$53)+1-ROW('Eingabe Meldungen'!A6)))),"",INDEX('Eingabe Meldungen'!$C$2:$C$492,LARGE(('Eingabe Meldungen'!$A$2:$A$492=$B$53)*(ROW('Eingabe Meldungen'!$A$2:$A$492)-1),COUNTIF('Eingabe Meldungen'!$A$2:$A$492,$B$53)+1-ROW('Eingabe Meldungen'!A6))))} -> Klisch | C60: {=IF(ISERROR(INDEX('Eingabe Meldungen'!$D$2:$D$492,LARGE(('Eingabe Meldungen'!$A$2:$A$492=$B$53)*(ROW('Eingabe Meldungen'!$A$2:$A$492)-1),COUNTIF('Eingabe Meldungen'!$A$2:$A$492,$B$53)+1-ROW('Eingabe Meldungen'!A6)))),"",INDEX('Eingabe Meldungen'!$D$2:$D$492,LARGE(('Eingabe Meldungen'!$A$2:$A$492=$B$53)*(ROW('Eingabe Meldungen'!$A$2:$A$492)-1),COUNTIF('Eingabe Meldungen'!$A$2:$A$492,$B$53)+1-ROW('Eingabe Meldungen'!A6))))} -> Lars | D60: {=IF(B60<>"",INDEX('Eingabe Meldungen'!$C$2:$H$492,MATCH(B60&C60,'Eingabe Meldungen'!$C$2:$C$492&'Eingabe Meldungen'!$D$2:$D$492,0),6),"")} -> 2008 | E60: {=IF(B60<>"",INDEX('Eingabe Meldungen'!$C$2:$H$492,MATCH(B60&C60,'Eingabe Meldungen'!$C$2:$C$492&'Eingabe Meldungen'!$D$2:$D$492,0),4),"")} -> Lgw. bis 50 kg | F60: 6 | H60: =RANK(G60,$G$55:$G$70,1) -> #N/A | I60: {=IF(B60<>"",INDEX('Eingabe Meldungen'!$C$2:$J$492,MATCH(B60&C60,'Eingabe Meldungen'!$C$2:$C$492&'Eingabe Meldungen'!$D$2:$D$492,0),8),"")} -> Mannheimer RV "Amicitia"
B61: {=IF(ISERROR(INDEX('Eingabe Meldungen'!$C$2:$C$492,LARGE(('Eingabe Meldungen'!$A$2:$A$492=$B$53)*(ROW('Eingabe Meldungen'!$A$2:$A$492)-1),COUNTIF('Eingabe Meldungen'!$A$2:$A$492,$B$53)+1-ROW('Eingabe Meldungen'!A7)))),"",INDEX('Eingabe Meldungen'!$C$2:$C$492,LARGE(('Eingabe Meldungen'!$A$2:$A$492=$B$53)*(ROW('Eingabe Meldungen'!$A$2:$A$492)-1),COUNTIF('Eingabe Meldungen'!$A$2:$A$492,$B$53)+1-ROW('Eingabe Meldungen'!A7))))} -> Kibele | C61: {=IF(ISERROR(INDEX('Eingabe Meldungen'!$D$2:$D$492,LARGE(('Eingabe Meldungen'!$A$2:$A$492=$B$53)*(ROW('Eingabe Meldungen'!$A$2:$A$492)-1),COUNTIF('Eingabe Meldungen'!$A$2:$A$492,$B$53)+1-ROW('Eingabe Meldungen'!A7)))),"",INDEX('Eingabe Meldungen'!$D$2:$D$492,LARGE(('Eingabe Meldungen'!$A$2:$A$492=$B$53)*(ROW('Eingabe Meldungen'!$A$2:$A$492)-1),COUNTIF('Eingabe Meldungen'!$A$2:$A$492,$B$53)+1-ROW('Eingabe Meldungen'!A7))))} -> Leon | D61: {=IF(B61<>"",INDEX('Eingabe Meldungen'!$C$2:$H$492,MATCH(B61&C61,'Eingabe Meldungen'!$C$2:$C$492&'Eingabe Meldungen'!$D$2:$D$492,0),6),"")} -> 2008 | E61: {=IF(B61<>"",INDEX('Eingabe Meldungen'!$C$2:$H$492,MATCH(B61&C61,'Eingabe Meldungen'!$C$2:$C$492&'Eingabe Meldungen'!$D$2:$D$492,0),4),"")} -> Lgw. bis 50 kg | F61: 7 | H61: =RANK(G61,$G$55:$G$70,1) -> #N/A | I61: {=IF(B61<>"",INDEX('Eingabe Meldungen'!$C$2:$J$492,MATCH(B61&C61,'Eingabe Meldungen'!$C$2:$C$492&'Eingabe Meldungen'!$D$2:$D$492,0),8),"")} -> RV Waldsee
B62: {=IF(ISERROR(INDEX('Eingabe Meldungen'!$C$2:$C$492,LARGE(('Eingabe Meldungen'!$A$2:$A$492=$B$53)*(ROW('Eingabe Meldungen'!$A$2:$A$492)-1),COUNTIF('Eingabe Meldungen'!$A$2:$A$492,$B$53)+1-ROW('Eingabe Meldungen'!A8)))),"",INDEX('Eingabe Meldungen'!$C$2:$C$492,LARGE(('Eingabe Meldungen'!$A$2:$A$492=$B$53)*(ROW('Eingabe Meldungen'!$A$2:$A$492)-1),COUNTIF('Eingabe Meldungen'!$A$2:$A$492,$B$53)+1-ROW('Eingabe Meldungen'!A8))))} -> Dorfschmid | C62: {=IF(ISERROR(INDEX('Eingabe Meldungen'!$D$2:$D$492,LARGE(('Eingabe Meldungen'!$A$2:$A$492=$B$53)*(ROW('Eingabe Meldungen'!$A$2:$A$492)-1),COUNTIF('Eingabe Meldungen'!$A$2:$A$492,$B$53)+1-ROW('Eingabe Meldungen'!A8)))),"",INDEX('Eingabe Meldungen'!$D$2:$D$492,LARGE(('Eingabe Meldungen'!$A$2:$A$492=$B$53)*(ROW('Eingabe Meldungen'!$A$2:$A$492)-1),COUNTIF('Eingabe Meldungen'!$A$2:$A$492,$B$53)+1-ROW('Eingabe Meldungen'!A8))))} -> Lukas | D62: {=IF(B62<>"",INDEX('Eingabe Meldungen'!$C$2:$H$492,MATCH(B62&C62,'Eingabe Meldungen'!$C$2:$C$492&'Eingabe Meldungen'!$D$2:$D$492,0),6),"")} -> 2008 | E62: {=IF(B62<>"",INDEX('Eingabe Meldungen'!$C$2:$H$492,MATCH(B62&C62,'Eingabe Meldungen'!$C$2:$C$492&'Eingabe Meldungen'!$D$2:$D$492,0),4),"")} -> Lgw. bis 50 kg | F62: 8 | H62: =RANK(G62,$G$55:$G$70,1) -> #N/A | I62: {=IF(B62<>"",INDEX('Eingabe Meldungen'!$C$2:$J$492,MATCH(B62&C62,'Eingabe Meldungen'!$C$2:$C$492&'Eingabe Meldungen'!$D$2:$D$492,0),8),"")} -> RC Nürtingen
F63: 9
F64: 10
B65: {=IF(ISERROR(INDEX('Eingabe Meldungen'!$C$2:$C$492,LARGE(('Eingabe Meldungen'!$A$2:$A$492=$B$53)*(ROW('Eingabe Meldungen'!$A$2:$A$492)-1),COUNTIF('Eingabe Meldungen'!$A$2:$A$492,$B$53)+1-ROW('Eingabe Meldungen'!A9)))),"",INDEX('Eingabe Meldungen'!$C$2:$C$492,LARGE(('Eingabe Meldungen'!$A$2:$A$492=$B$53)*(ROW('Eingabe Meldungen'!$A$2:$A$492)-1),COUNTIF('Eingabe Meldungen'!$A$2:$A$492,$B$53)+1-ROW('Eingabe Meldungen'!A9))))} -> Hammer | C65: {=IF(ISERROR(INDEX('Eingabe Meldungen'!$D$2:$D$492,LARGE(('Eingabe Meldungen'!$A$2:$A$492=$B$53)*(ROW('Eingabe Meldungen'!$A$2:$A$492)-1),COUNTIF('Eingabe Meldungen'!$A$2:$A$492,$B$53)+1-ROW('Eingabe Meldungen'!A9)))),"",INDEX('Eingabe Meldungen'!$D$2:$D$492,LARGE(('Eingabe Meldungen'!$A$2:$A$492=$B$53)*(ROW('Eingabe Meldungen'!$A$2:$A$492)-1),COUNTIF('Eingabe Meldungen'!$A$2:$A$492,$B$53)+1-ROW('Eingabe Meldungen'!A9))))} -> Maximilian | D65: {=IF(B65<>"",INDEX('Eingabe Meldungen'!$C$2:$H$492,MATCH(B65&C65,'Eingabe Meldungen'!$C$2:$C$492&'Eingabe Meldungen'!$D$2:$D$492,0),6),"")} -> 2008 | E65: {=IF(B65<>"",INDEX('Eingabe Meldungen'!$C$2:$H$492,MATCH(B65&C65,'Eingabe Meldungen'!$C$2:$C$492&'Eingabe Meldungen'!$D$2:$D$492,0),4),"")} -> Lgw. bis 50 kg | F65: 1 | H65: =RANK(G65,$G$55:$G$70,1) -> #N/A | I65: {=IF(B65<>"",INDEX('Eingabe Meldungen'!$C$2:$J$492,MATCH(B65&C65,'Eingabe Meldungen'!$C$2:$C$492&'Eingabe Meldungen'!$D$2:$D$492,0),8),"")} -> RC Nürtingen | K65: A2
B66: {=IF(ISERROR(INDEX('Eingabe Meldungen'!$C$2:$C$492,LARGE(('Eingabe Meldungen'!$A$2:$A$492=$B$53)*(ROW('Eingabe Meldungen'!$A$2:$A$492)-1),COUNTIF('Eingabe Meldungen'!$A$2:$A$492,$B$53)+1-ROW('Eingabe Meldungen'!A10)))),"",INDEX('Eingabe Meldungen'!$C$2:$C$492,LARGE(('Eingabe Meldungen'!$A$2:$A$492=$B$53)*(ROW('Eingabe Meldungen'!$A$2:$A$492)-1),COUNTIF('Eingabe Meldungen'!$A$2:$A$492,$B$53)+1-ROW('Eingabe Meldungen'!A10))))} -> Rebmann | C66: {=IF(ISERROR(INDEX('Eingabe Meldungen'!$D$2:$D$492,LARGE(('Eingabe Meldungen'!$A$2:$A$492=$B$53)*(ROW('Eingabe Meldungen'!$A$2:$A$492)-1),COUNTIF('Eingabe Meldungen'!$A$2:$A$492,$B$53)+1-ROW('Eingabe Meldungen'!A10)))),"",INDEX('Eingabe Meldungen'!$D$2:$D$492,LARGE(('Eingabe Meldungen'!$A$2:$A$492=$B$53)*(ROW('Eingabe Meldungen'!$A$2:$A$492)-1),COUNTIF('Eingabe Meldungen'!$A$2:$A$492,$B$53)+1-ROW('Eingabe Meldungen'!A10))))} -> Morino | D66: {=IF(B66<>"",INDEX('Eingabe Meldungen'!$C$2:$H$492,MATCH(B66&C66,'Eingabe Meldungen'!$C$2:$C$492&'Eingabe Meldungen'!$D$2:$D$492,0),6),"")} -> 2008 | E66: {=IF(B66<>"",INDEX('Eingabe Meldungen'!$C$2:$H$492,MATCH(B66&C66,'Eingabe Meldungen'!$C$2:$C$492&'Eingabe Meldungen'!$D$2:$D$492,0),4),"")} -> Lgw. bis 50 kg | F66: 2 | H66: =RANK(G66,$G$55:$G$70,1) -> #N/A | I66: {=IF(B66<>"",INDEX('Eingabe Meldungen'!$C$2:$J$492,MATCH(B66&C66,'Eingabe Meldungen'!$C$2:$C$492&'Eingabe Meldungen'!$D$2:$D$492,0),8),"")} -> Marbacher Ruderverein
B67: {=IF(ISERROR(INDEX('Eingabe Meldungen'!$C$2:$C$492,LARGE(('Eingabe Meldungen'!$A$2:$A$492=$B$53)*(ROW('Eingabe Meldungen'!$A$2:$A$492)-1),COUNTIF('Eingabe Meldungen'!$A$2:$A$492,$B$53)+1-ROW('Eingabe Meldungen'!A11)))),"",INDEX('Eingabe Meldungen'!$C$2:$C$492,LARGE(('Eingabe Meldungen'!$A$2:$A$492=$B$53)*(ROW('Eingabe Meldungen'!$A$2:$A$492)-1),COUNTIF('Eingabe Meldungen'!$A$2:$A$492,$B$53)+1-ROW('Eingabe Meldungen'!A11))))} -> Rebmann | C67: {=IF(ISERROR(INDEX('Eingabe Meldungen'!$D$2:$D$492,LARGE(('Eingabe Meldungen'!$A$2:$A$492=$B$53)*(ROW('Eingabe Meldungen'!$A$2:$A$492)-1),COUNTIF('Eingabe Meldungen'!$A$2:$A$492,$B$53)+1-ROW('Eingabe Meldungen'!A11)))),"",INDEX('Eingabe Meldungen'!$D$2:$D$492,LARGE(('Eingabe Meldungen'!$A$2:$A$492=$B$53)*(ROW('Eingabe Meldungen'!$A$2:$A$492)-1),COUNTIF('Eingabe Meldungen'!$A$2:$A$492,$B$53)+1-ROW('Eingabe Meldungen'!A11))))} -> Florentin | D67: {=IF(B67<>"",INDEX('Eingabe Meldungen'!$C$2:$H$492,MATCH(B67&C67,'Eingabe Meldungen'!$C$2:$C$492&'Eingabe Meldungen'!$D$2:$D$492,0),6),"")} -> 2010 | E67: {=IF(B67<>"",INDEX('Eingabe Meldungen'!$C$2:$H$492,MATCH(B67&C67,'Eingabe Meldungen'!$C$2:$C$492&'Eingabe Meldungen'!$D$2:$D$492,0),4),"")} -> Lgw. bis 50 kg | F67: 3 | H67: =RANK(G67,$G$55:$G$70,1) -> #N/A | I67: {=IF(B67<>"",INDEX('Eingabe Meldungen'!$C$2:$J$492,MATCH(B67&C67,'Eingabe Meldungen'!$C$2:$C$492&'Eingabe Meldungen'!$D$2:$D$492,0),8),"")} -> Marbacher Ruderverein
B68: {=IF(ISERROR(INDEX('Eingabe Meldungen'!$C$2:$C$492,LARGE(('Eingabe Meldungen'!$A$2:$A$492=$B$53)*(ROW('Eingabe Meldungen'!$A$2:$A$492)-1),COUNTIF('Eingabe Meldungen'!$A$2:$A$492,$B$53)+1-ROW('Eingabe Meldungen'!A12)))),"",INDEX('Eingabe Meldungen'!$C$2:$C$492,LARGE(('Eingabe Meldungen'!$A$2:$A$492=$B$53)*(ROW('Eingabe Meldungen'!$A$2:$A$492)-1),COUNTIF('Eingabe Meldungen'!$A$2:$A$492,$B$53)+1-ROW('Eingabe Meldungen'!A12))))} -> Sigloch | C68: {=IF(ISERROR(INDEX('Eingabe Meldungen'!$D$2:$D$492,LARGE(('Eingabe Meldungen'!$A$2:$A$492=$B$53)*(ROW('Eingabe Meldungen'!$A$2:$A$492)-1),COUNTIF('Eingabe Meldungen'!$A$2:$A$492,$B$53)+1-ROW('Eingabe Meldungen'!A12)))),"",INDEX('Eingabe Meldungen'!$D$2:$D$492,LARGE(('Eingabe Meldungen'!$A$2:$A$492=$B$53)*(ROW('Eingabe Meldungen'!$A$2:$A$492)-1),COUNTIF('Eingabe Meldungen'!$A$2:$A$492,$B$53)+1-ROW('Eingabe Meldungen'!A12))))} -> Malte | D68: {=IF(B68<>"",INDEX('Eingabe Meldungen'!$C$2:$H$492,MATCH(B68&C68,'Eingabe Meldungen'!$C$2:$C$492&'Eingabe Meldungen'!$D$2:$D$492,0),6),"")} -> 2008 | E68: {=IF(B68<>"",INDEX('Eingabe Meldungen'!$C$2:$H$492,MATCH(B68&C68,'Eingabe Meldungen'!$C$2:$C$492&'Eingabe Meldungen'!$D$2:$D$492,0),4),"")} -> Lgw. bis 50 kg | F68: 4 | H68: =RANK(G68,$G$55:$G$70,1) -> #N/A | I68: {=IF(B68<>"",INDEX('Eingabe Meldungen'!$C$2:$J$492,MATCH(B68&C68,'Eingabe Meldungen'!$C$2:$C$492&'Eingabe Meldungen'!$D$2:$D$492,0),8),"")} -> WSV Schifferclub Neckarrems
B69: {=IF(ISERROR(INDEX('Eingabe Meldungen'!$C$2:$C$492,LARGE(('Eingabe Meldungen'!$A$2:$A$492=$B$53)*(ROW('Eingabe Meldungen'!$A$2:$A$492)-1),COUNTIF('Eingabe Meldungen'!$A$2:$A$492,$B$53)+1-ROW('Eingabe Meldungen'!A13)))),"",INDEX('Eingabe Meldungen'!$C$2:$C$492,LARGE(('Eingabe Meldungen'!$A$2:$A$492=$B$53)*(ROW('Eingabe Meldungen'!$A$2:$A$492)-1),COUNTIF('Eingabe Meldungen'!$A$2:$A$492,$B$53)+1-ROW('Eingabe Meldungen'!A13))))} | C69: {=IF(ISERROR(INDEX('Eingabe Meldungen'!$D$2:$D$492,LARGE(('Eingabe Meldungen'!$A$2:$A$492=$B$53)*(ROW('Eingabe Meldungen'!$A$2:$A$492)-1),COUNTIF('Eingabe Meldungen'!$A$2:$A$492,$B$53)+1-ROW('Eingabe Meldungen'!A13)))),"",INDEX('Eingabe Meldungen'!$D$2:$D$492,LARGE(('Eingabe Meldungen'!$A$2:$A$492=$B$53)*(ROW('Eingabe Meldungen'!$A$2:$A$492)-1),COUNTIF('Eingabe Meldungen'!$A$2:$A$492,$B$53)+1-ROW('Eingabe Meldungen'!A13))))} | D69: {=IF(B69<>"",INDEX('Eingabe Meldungen'!$C$2:$H$492,MATCH(B69&C69,'Eingabe Meldungen'!$C$2:$C$492&'Eingabe Meldungen'!$D$2:$D$492,0),6),"")} | E69: {=IF(B69<>"",INDEX('Eingabe Meldungen'!$C$2:$H$492,MATCH(B69&C69,'Eingabe Meldungen'!$C$2:$C$492&'Eingabe Meldungen'!$D$2:$D$492,0),4),"")} | F69: 5 | H69: =RANK(G69,$G$55:$G$70,1) -> #N/A | I69: {=IF(B69<>"",INDEX('Eingabe Meldungen'!$C$2:$J$492,MATCH(B69&C69,'Eingabe Meldungen'!$C$2:$C$492&'Eingabe Meldungen'!$D$2:$D$492,0),8),"")}
B70: {=IF(ISERROR(INDEX('Eingabe Meldungen'!$C$2:$C$492,LARGE(('Eingabe Meldungen'!$A$2:$A$492=$B$53)*(ROW('Eingabe Meldungen'!$A$2:$A$492)-1),COUNTIF('Eingabe Meldungen'!$A$2:$A$492,$B$53)+1-ROW('Eingabe Meldungen'!A17)))),"",INDEX('Eingabe Meldungen'!$C$2:$C$492,LARGE(('Eingabe Meldungen'!$A$2:$A$492=$B$53)*(ROW('Eingabe Meldungen'!$A$2:$A$492)-1),COUNTIF('Eingabe Meldungen'!$A$2:$A$492,$B$53)+1-ROW('Eingabe Meldungen'!A17))))} | C70: {=IF(ISERROR(INDEX('Eingabe Meldungen'!$D$2:$D$492,LARGE(('Eingabe Meldungen'!$A$2:$A$492=$B$53)*(ROW('Eingabe Meldungen'!$A$2:$A$492)-1),COUNTIF('Eingabe Meldungen'!$A$2:$A$492,$B$53)+1-ROW('Eingabe Meldungen'!A17)))),"",INDEX('Eingabe Meldungen'!$D$2:$D$492,LARGE(('Eingabe Meldungen'!$A$2:$A$492=$B$53)*(ROW('Eingabe Meldungen'!$A$2:$A$492)-1),COUNTIF('Eingabe Meldungen'!$A$2:$A$492,$B$53)+1-ROW('Eingabe Meldungen'!A17))))} | D70: {=IF(B70<>"",INDEX('Eingabe Meldungen'!$C$2:$H$492,MATCH(B70&C70,'Eingabe Meldungen'!$C$2:$C$492&'Eingabe Meldungen'!$D$2:$D$492,0),6),"")} | E70: {=IF(B70<>"",INDEX('Eingabe Meldungen'!$C$2:$H$492,MATCH(B70&C70,'Eingabe Meldungen'!$C$2:$C$492&'Eingabe Meldungen'!$D$2:$D$492,0),4),"")} | F70: 17 | H70: =RANK(G70,$G$55:$G$70,1) -> #N/A | I70: {=IF(B70<>"",INDEX('Eingabe Meldungen'!$C$2:$J$492,MATCH(B70&C70,'Eingabe Meldungen'!$C$2:$C$492&'Eingabe Meldungen'!$D$2:$D$492,0),8),"")}
B72: =B53+1 -> 4 | C72: =VLOOKUP(B72,Ausschreibung!$B$5:$I$35,2,FALSE) -> Ergocup | D72: A1 11:48 A2 11:56 | E72: Jungen U14, 1000m | F72: =VLOOKUP(B72,Ausschreibung!$B$5:$I$35,5,FALSE) -> - | G72: =VLOOKUP(B72,Ausschreibung!$B$5:$I$35,6,FALSE) -> 13 und jünger | H72: =VLOOKUP(B72,Ausschreibung!$B$5:$I$35,8,FALSE) -> 1000 m | I72: A1 startet mit Rennen 3 A2
B73: Name | C73: Vorname | D73: Jhg | E73: Klasse | F73: Ergonummer | G73: Ergebnis | H73: Platzierung | I73: Verein
B74: {=IF(ISERROR(INDEX('Eingabe Meldungen'!$C$2:$C$492,LARGE(('Eingabe Meldungen'!$A$2:$A$492=$B$72)*(ROW('Eingabe Meldungen'!$A$2:$A$492)-1),COUNTIF('Eingabe Meldungen'!$A$2:$A$492,$B$72)+1-ROW('Eingabe Meldungen'!A1)))),"",INDEX('Eingabe Meldungen'!$C$2:$C$492,LARGE(('Eingabe Meldungen'!$A$2:$A$492=$B$72)*(ROW('Eingabe Meldungen'!$A$2:$A$492)-1),COUNTIF('Eingabe Meldungen'!$A$2:$A$492,$B$72)+1-ROW('Eingabe Meldungen'!A1))))} -> Bittermann | C74: {=IF(ISERROR(INDEX('Eingabe Meldungen'!$D$2:$D$492,LARGE(('Eingabe Meldungen'!$A$2:$A$492=$B$72)*(ROW('Eingabe Meldungen'!$A$2:$A$492)-1),COUNTIF('Eingabe Meldungen'!$A$2:$A$492,$B$72)+1-ROW('Eingabe Meldungen'!A1)))),"",INDEX('Eingabe Meldungen'!$D$2:$D$492,LARGE(('Eingabe Meldungen'!$A$2:$A$492=$B$72)*(ROW('Eingabe Meldungen'!$A$2:$A$492)-1),COUNTIF('Eingabe Meldungen'!$A$2:$A$492,$B$72)+1-ROW('Eingabe Meldungen'!A1))))} -> Alfons | D74: {=IF(B74<>"",INDEX('Eingabe Meldungen'!$C$2:$H$492,MATCH(B74&C74,'Eingabe Meldungen'!$C$2:$C$492&'Eingabe Meldungen'!$D$2:$D$492,0),6),"")} -> 2007 | E74: {=IF(B74<>"",INDEX('Eingabe Meldungen'!$C$2:$H$492,MATCH(B74&C74,'Eingabe Meldungen'!$C$2:$C$492&'Eingabe Meldungen'!$D$2:$D$492,0),4),"")} -> - | F74: 6 | H74: =RANK(G74,$G$74:$G$88,1) -> #N/A | I74: {=IF(B74<>"",INDEX('Eingabe Meldungen'!$C$2:$J$492,MATCH(B74&C74,'Eingabe Meldungen'!$C$2:$C$492&'Eingabe Meldungen'!$D$2:$D$492,0),8),"")} -> Marbacher Ruderverein | K74: A1
B75: {=IF(ISERROR(INDEX('Eingabe Meldungen'!$C$2:$C$492,LARGE(('Eingabe Meldungen'!$A$2:$A$492=$B$72)*(ROW('Eingabe Meldungen'!$A$2:$A$492)-1),COUNTIF('Eingabe Meldungen'!$A$2:$A$492,$B$72)+1-ROW('Eingabe Meldungen'!A2)))),"",INDEX('Eingabe Meldungen'!$C$2:$C$492,LARGE(('Eingabe Meldungen'!$A$2:$A$492=$B$72)*(ROW('Eingabe Meldungen'!$A$2:$A$492)-1),COUNTIF('Eingabe Meldungen'!$A$2:$A$492,$B$72)+1-ROW('Eingabe Meldungen'!A2))))} -> Krause | C75: {=IF(ISERROR(INDEX('Eingabe Meldungen'!$D$2:$D$492,LARGE(('Eingabe Meldungen'!$A$2:$A$492=$B$72)*(ROW('Eingabe Meldungen'!$A$2:$A$492)-1),COUNTIF('Eingabe Meldungen'!$A$2:$A$492,$B$72)+1-ROW('Eingabe Meldungen'!A2)))),"",INDEX('Eingabe Meldungen'!$D$2:$D$492,LARGE(('Eingabe Meldungen'!$A$2:$A$492=$B$72)*(ROW('Eingabe Meldungen'!$A$2:$A$492)-1),COUNTIF('Eingabe Meldungen'!$A$2:$A$492,$B$72)+1-ROW('Eingabe Meldungen'!A2))))} -> Carl | D75: {=IF(B75<>"",INDEX('Eingabe Meldungen'!$C$2:$H$492,MATCH(B75&C75,'Eingabe Meldungen'!$C$2:$C$492&'Eingabe Meldungen'!$D$2:$D$492,0),6),"")} -> 2007 | E75: {=IF(B75<>"",INDEX('Eingabe Meldungen'!$C$2:$H$492,MATCH(B75&C75,'Eingabe Meldungen'!$C$2:$C$492&'Eingabe Meldungen'!$D$2:$D$492,0),4),"")} -> - | F75: 7 | H75: =RANK(G75,$G$74:$G$88,1) -> #N/A | I75: {=IF(B75<>"",INDEX('Eingabe Meldungen'!$C$2:$J$492,MATCH(B75&C75,'Eingabe Meldungen'!$C$2:$C$492&'Eingabe Meldungen'!$D$2:$D$492,0),8),"")} -> Rudergesellschaft Heidelberg
B76: {=IF(ISERROR(INDEX('Eingabe Meldungen'!$C$2:$C$492,LARGE(('Eingabe Meldungen'!$A$2:$A$492=$B$72)*(ROW('Eingabe Meldungen'!$A$2:$A$492)-1),COUNTIF('Eingabe Meldungen'!$A$2:$A$492,$B$72)+1-ROW('Eingabe Meldungen'!A3)))),"",INDEX('Eingabe Meldungen'!$C$2:$C$492,LARGE(('Eingabe Meldungen'!$A$2:$A$492=$B$72)*(ROW('Eingabe Meldungen'!$A$2:$A$492)-1),COUNTIF('Eingabe Meldungen'!$A$2:$A$492,$B$72)+1-ROW('Eingabe Meldungen'!A3))))} -> Nestor | C76: {=IF(ISERROR(INDEX('Eingabe Meldungen'!$D$2:$D$492,LARGE(('Eingabe Meldungen'!$A$2:$A$492=$B$72)*(ROW('Eingabe Meldungen'!$A$2:$A$492)-1),COUNTIF('Eingabe Meldungen'!$A$2:$A$492,$B$72)+1-ROW('Eingabe Meldungen'!A3)))),"",INDEX('Eingabe Meldungen'!$D$2:$D$492,LARGE(('Eingabe Meldungen'!$A$2:$A$492=$B$72)*(ROW('Eingabe Meldungen'!$A$2:$A$492)-1),COUNTIF('Eingabe Meldungen'!$A$2:$A$492,$B$72)+1-ROW('Eingabe Meldungen'!A3))))} -> David | D76: {=IF(B76<>"",INDEX('Eingabe Meldungen'!$C$2:$H$492,MATCH(B76&C76,'Eingabe Meldungen'!$C$2:$C$492&'Eingabe Meldungen'!$D$2:$D$492,0),6),"")} -> 2007 | E76: {=IF(B76<>"",INDEX('Eingabe Meldungen'!$C$2:$H$492,MATCH(B76&C76,'Eingabe Meldungen'!$C$2:$C$492&'Eingabe Meldungen'!$D$2:$D$492,0),4),"")} -> - | F76: 8 | H76: =RANK(G76,$G$74:$G$88,1) -> #N/A | I76: {=IF(B76<>"",INDEX('Eingabe Meldungen'!$C$2:$J$492,MATCH(B76&C76,'Eingabe Meldungen'!$C$2:$C$492&'Eingabe Meldungen'!$D$2:$D$492,0),8),"")} -> Mannheimer RV "Amicitia"
B77: {=IF(ISERROR(INDEX('Eingabe Meldungen'!$C$2:$C$492,LARGE(('Eingabe Meldungen'!$A$2:$A$492=$B$72)*(ROW('Eingabe Meldungen'!$A$2:$A$492)-1),COUNTIF('Eingabe Meldungen'!$A$2:$A$492,$B$72)+1-ROW('Eingabe Meldungen'!A4)))),"",INDEX('Eingabe Meldungen'!$C$2:$C$492,LARGE(('Eingabe Meldungen'!$A$2:$A$492=$B$72)*(ROW('Eingabe Meldungen'!$A$2:$A$492)-1),COUNTIF('Eingabe Meldungen'!$A$2:$A$492,$B$72)+1-ROW('Eingabe Meldungen'!A4))))} -> Schilling | C77: {=IF(ISERROR(INDEX('Eingabe Meldungen'!$D$2:$D$492,LARGE(('Eingabe Meldungen'!$A$2:$A$492=$B$72)*(ROW('Eingabe Meldungen'!$A$2:$A$492)-1),COUNTIF('Eingabe Meldungen'!$A$2:$A$492,$B$72)+1-ROW('Eingabe Meldungen'!A4)))),"",INDEX('Eingabe Meldungen'!$D$2:$D$492,LARGE(('Eingabe Meldungen'!$A$2:$A$492=$B$72)*(ROW('Eingabe Meldungen'!$A$2:$A$492)-1),COUNTIF('Eingabe Meldungen'!$A$2:$A$492,$B$72)+1-ROW('Eingabe Meldungen'!A4))))} -> Felix | D77: {=IF(B77<>"",INDEX('Eingabe Meldungen'!$C$2:$H$492,MATCH(B77&C77,'Eingabe Meldungen'!$C$2:$C$492&'Eingabe Meldungen'!$D$2:$D$492,0),6),"")} -> 2007 | E77: {=IF(B77<>"",INDEX('Eingabe Meldungen'!$C$2:$H$492,MATCH(B77&C77,'Eingabe Meldungen'!$C$2:$C$492&'Eingabe Meldungen'!$D$2:$D$492,0),4),"")} -> - | F77: 9 | H77: =RANK(G77,$G$74:$G$88,1) -> #N/A | I77: {=IF(B77<>"",INDEX('Eingabe Meldungen'!$C$2:$J$492,MATCH(B77&C77,'Eingabe Meldungen'!$C$2:$C$492&'Eingabe Meldungen'!$D$2:$D$492,0),8),"")} -> Heidelberger Ruderklub
B78: {=IF(ISERROR(INDEX('Eingabe Meldungen'!$C$2:$C$492,LARGE(('Eingabe Meldungen'!$A$2:$A$492=$B$72)*(ROW('Eingabe Meldungen'!$A$2:$A$492)-1),COUNTIF('Eingabe Meldungen'!$A$2:$A$492,$B$72)+1-ROW('Eingabe Meldungen'!A5)))),"",INDEX('Eingabe Meldungen'!$C$2:$C$492,LARGE(('Eingabe Meldungen'!$A$2:$A$492=$B$72)*(ROW('Eingabe Meldungen'!$A$2:$A$492)-1),COUNTIF('Eingabe Meldungen'!$A$2:$A$492,$B$72)+1-ROW('Eingabe Meldungen'!A5))))} -> Balke | C78: {=IF(ISERROR(INDEX('Eingabe Meldungen'!$D$2:$D$492,LARGE(('Eingabe Meldungen'!$A$2:$A$492=$B$72)*(ROW('Eingabe Meldungen'!$A$2:$A$492)-1),COUNTIF('Eingabe Meldungen'!$A$2:$A$492,$B$72)+1-ROW('Eingabe Meldungen'!A5)))),"",INDEX('Eingabe Meldungen'!$D$2:$D$492,LARGE(('Eingabe Meldungen'!$A$2:$A$492=$B$72)*(ROW('Eingabe Meldungen'!$A$2:$A$492)-1),COUNTIF('Eingabe Meldungen'!$A$2:$A$492,$B$72)+1-ROW('Eingabe Meldungen'!A5))))} -> Frederik | D78: {=IF(B78<>"",INDEX('Eingabe Meldungen'!$C$2:$H$492,MATCH(B78&C78,'Eingabe Meldungen'!$C$2:$C$492&'Eingabe Meldungen'!$D$2:$D$492,0),6),"")} -> 2007 | E78: {=IF(B78<>"",INDEX('Eingabe Meldungen'!$C$2:$H$492,MATCH(B78&C78,'Eingabe Meldungen'!$C$2:$C$492&'Eingabe Meldungen'!$D$2:$D$492,0),4),"")} -> - | F78: 10 | H78: =RANK(G78,$G$74:$G$88,1) -> #N/A | I78: {=IF(B78<>"",INDEX('Eingabe Meldungen'!$C$2:$J$492,MATCH(B78&C78,'Eingabe Meldungen'!$C$2:$C$492&'Eingabe Meldungen'!$D$2:$D$492,0),8),"")} -> RV Waldsee
B79: {=IF(ISERROR(INDEX('Eingabe Meldungen'!$C$2:$C$492,LARGE(('Eingabe Meldungen'!$A$2:$A$492=$B$72)*(ROW('Eingabe Meldungen'!$A$2:$A$492)-1),COUNTIF('Eingabe Meldungen'!$A$2:$A$492,$B$72)+1-ROW('Eingabe Meldungen'!A6)))),"",INDEX('Eingabe Meldungen'!$C$2:$C$492,LARGE(('Eingabe Meldungen'!$A$2:$A$492=$B$72)*(ROW('Eingabe Meldungen'!$A$2:$A$492)-1),COUNTIF('Eingabe Meldungen'!$A$2:$A$492,$B$72)+1-ROW('Eingabe Meldungen'!A6))))} -> Meyer | C79: {=IF(ISERROR(INDEX('Eingabe Meldungen'!$D$2:$D$492,LARGE(('Eingabe Meldungen'!$A$2:$A$492=$B$72)*(ROW('Eingabe Meldungen'!$A$2:$A$492)-1),COUNTIF('Eingabe Meldungen'!$A$2:$A$492,$B$72)+1-ROW('Eingabe Meldungen'!A6)))),"",INDEX('Eingabe Meldungen'!$D$2:$D$492,LARGE(('Eingabe Meldungen'!$A$2:$A$492=$B$72)*(ROW('Eingabe Meldungen'!$A$2:$A$492)-1),COUNTIF('Eingabe Meldungen'!$A$2:$A$492,$B$72)+1-ROW('Eingabe Meldungen'!A6))))} -> Lars | D79: {=IF(B79<>"",INDEX('Eingabe Meldungen'!$C$2:$H$492,MATCH(B79&C79,'Eingabe Meldungen'!$C$2:$C$492&'Eingabe Meldungen'!$D$2:$D$492,0),6),"")} -> 2007 | E79: {=IF(B79<>"",INDEX('Eingabe Meldungen'!$C$2:$H$492,MATCH(B79&C79,'Eingabe Meldungen'!$C$2:$C$492&'Eingabe Meldungen'!$D$2:$D$492,0),4),"")} -> - | F79: 1 | H79: =RANK(G79,$G$74:$G$88,1) -> #N/A | I79: {=IF(B79<>"",INDEX('Eingabe Meldungen'!$C$2:$J$492,MATCH(B79&C79,'Eingabe Meldungen'!$C$2:$C$492&'Eingabe Meldungen'!$D$2:$D$492,0),8),"")} -> Rudergesellschaft Heidelberg | K79: A2
B80: {=IF(ISERROR(INDEX('Eingabe Meldungen'!$C$2:$C$492,LARGE(('Eingabe Meldungen'!$A$2:$A$492=$B$72)*(ROW('Eingabe Meldungen'!$A$2:$A$492)-1),COUNTIF('Eingabe Meldungen'!$A$2:$A$492,$B$72)+1-ROW('Eingabe Meldungen'!A7)))),"",INDEX('Eingabe Meldungen'!$C$2:$C$492,LARGE(('Eingabe Meldungen'!$A$2:$A$492=$B$72)*(ROW('Eingabe Meldungen'!$A$2:$A$492)-1),COUNTIF('Eingabe Meldungen'!$A$2:$A$492,$B$72)+1-ROW('Eingabe Meldungen'!A7))))} -> Strahl | C80: {=IF(ISERROR(INDEX('Eingabe Meldungen'!$D$2:$D$492,LARGE(('Eingabe Meldungen'!$A$2:$A$492=$B$72)*(ROW('Eingabe Meldungen'!$A$2:$A$492)-1),COUNTIF('Eingabe Meldungen'!$A$2:$A$492,$B$72)+1-ROW('Eingabe Meldungen'!A7)))),"",INDEX('Eingabe Meldungen'!$D$2:$D$492,LARGE(('Eingabe Meldungen'!$A$2:$A$492=$B$72)*(ROW('Eingabe Meldungen'!$A$2:$A$492)-1),COUNTIF('Eingabe Meldungen'!$A$2:$A$492,$B$72)+1-ROW('Eingabe Meldungen'!A7))))} -> Leander | D80: {=IF(B80<>"",INDEX('Eingabe Meldungen'!$C$2:$H$492,MATCH(B80&C80,'Eingabe Meldungen'!$C$2:$C$492&'Eingabe Meldungen'!$D$2:$D$492,0),6),"")} -> 2007 | E80: {=IF(B80<>"",INDEX('Eingabe Meldungen'!$C$2:$H$492,MATCH(B80&C80,'Eingabe Meldungen'!$C$2:$C$492&'Eingabe Meldungen'!$D$2:$D$492,0),4),"")} -> - | F80: 2 | H80: =RANK(G80,$G$74:$G$88,1) -> #N/A | I80: {=IF(B80<>"",INDEX('Eingabe Meldungen'!$C$2:$J$492,MATCH(B80&C80,'Eingabe Meldungen'!$C$2:$C$492&'Eingabe Meldungen'!$D$2:$D$492,0),8),"")} -> Schweinfurtrt Ruder-Club Franken
B81: {=IF(ISERROR(INDEX('Eingabe Meldungen'!$C$2:$C$492,LARGE(('Eingabe Meldungen'!$A$2:$A$492=$B$72)*(ROW('Eingabe Meldungen'!$A$2:$A$492)-1),COUNTIF('Eingabe Meldungen'!$A$2:$A$492,$B$72)+1-ROW('Eingabe Meldungen'!A8)))),"",INDEX('Eingabe Meldungen'!$C$2:$C$492,LARGE(('Eingabe Meldungen'!$A$2:$A$492=$B$72)*(ROW('Eingabe Meldungen'!$A$2:$A$492)-1),COUNTIF('Eingabe Meldungen'!$A$2:$A$492,$B$72)+1-ROW('Eingabe Meldungen'!A8))))} -> Yilmaz | C81: {=IF(ISERROR(INDEX('Eingabe Meldungen'!$D$2:$D$492,LARGE(('Eingabe Meldungen'!$A$2:$A$492=$B$72)*(ROW('Eingabe Meldungen'!$A$2:$A$492)-1),COUNTIF('Eingabe Meldungen'!$A$2:$A$492,$B$72)+1-ROW('Eingabe Meldungen'!A8)))),"",INDEX('Eingabe Meldungen'!$D$2:$D$492,LARGE(('Eingabe Meldungen'!$A$2:$A$492=$B$72)*(ROW('Eingabe Meldungen'!$A$2:$A$492)-1),COUNTIF('Eingabe Meldungen'!$A$2:$A$492,$B$72)+1-ROW('Eingabe Meldungen'!A8))))} -> Leon | D81: {=IF(B81<>"",INDEX('Eingabe Meldungen'!$C$2:$H$492,MATCH(B81&C81,'Eingabe Meldungen'!$C$2:$C$492&'Eingabe Meldungen'!$D$2:$D$492,0),6),"")} -> 2007 | E81: {=IF(B81<>"",INDEX('Eingabe Meldungen'!$C$2:$H$492,MATCH(B81&C81,'Eingabe Meldungen'!$C$2:$C$492&'Eingabe Meldungen'!$D$2:$D$492,0),4),"")} -> - | F81: 3 | H81: =RANK(G81,$G$74:$G$88,1) -> #N/A | I81: {=IF(B81<>"",INDEX('Eingabe Meldungen'!$C$2:$J$492,MATCH(B81&C81,'Eingabe Meldungen'!$C$2:$C$492&'Eingabe Meldungen'!$D$2:$D$492,0),8),"")} -> Stuttgart-Cannstatter RC
B82: {=IF(ISERROR(INDEX('Eingabe Meldungen'!$C$2:$C$492,LARGE(('Eingabe Meldungen'!$A$2:$A$492=$B$72)*(ROW('Eingabe Meldungen'!$A$2:$A$492)-1),COUNTIF('Eingabe Meldungen'!$A$2:$A$492,$B$72)+1-ROW('Eingabe Meldungen'!A9)))),"",INDEX('Eingabe Meldungen'!$C$2:$C$492,LARGE(('Eingabe Meldungen'!$A$2:$A$492=$B$72)*(ROW('Eingabe Meldungen'!$A$2:$A$492)-1),COUNTIF('Eingabe Meldungen'!$A$2:$A$492,$B$72)+1-ROW('Eingabe Meldungen'!A9))))} -> Bitz | C82: {=IF(ISERROR(INDEX('Eingabe Meldungen'!$D$2:$D$492,LARGE(('Eingabe Meldungen'!$A$2:$A$492=$B$72)*(ROW('Eingabe Meldungen'!$A$2:$A$492)-1),COUNTIF('Eingabe Meldungen'!$A$2:$A$492,$B$72)+1-ROW('Eingabe Meldungen'!A9)))),"",INDEX('Eingabe Meldungen'!$D$2:$D$492,LARGE(('Eingabe Meldungen'!$A$2:$A$492=$B$72)*(ROW('Eingabe Meldungen'!$A$2:$A$492)-1),COUNTIF('Eingabe Meldungen'!$A$2:$A$492,$B$72)+1-ROW('Eingabe Meldungen'!A9))))} -> Moritz | D82: {=IF(B82<>"",INDEX('Eingabe Meldungen'!$C$2:$H$492,MATCH(B82&C82,'Eingabe Meldungen'!$C$2:$C$492&'Eingabe Meldungen'!$D$2:$D$492,0),6),"")} -> 2007 | E82: {=IF(B82<>"",INDEX('Eingabe Meldungen'!$C$2:$H$492,MATCH(B82&C82,'Eingabe Meldungen'!$C$2:$C$492&'Eingabe Meldungen'!$D$2:$D$492,0),4),"")} -> - | F82: 4 | H82: =RANK(G82,$G$74:$G$88,1) -> #N/A | I82: {=IF(B82<>"",INDEX('Eingabe Meldungen'!$C$2:$J$492,MATCH(B82&C82,'Eingabe Meldungen'!$C$2:$C$492&'Eingabe Meldungen'!$D$2:$D$492,0),8),"")} -> Marbacher Ruderverein
B83: {=IF(ISERROR(INDEX('Eingabe Meldungen'!$C$2:$C$492,LARGE(('Eingabe Meldungen'!$A$2:$A$492=$B$72)*(ROW('Eingabe Meldungen'!$A$2:$A$492)-1),COUNTIF('Eingabe Meldungen'!$A$2:$A$492,$B$72)+1-ROW('Eingabe Meldungen'!A10)))),"",INDEX('Eingabe Meldungen'!$C$2:$C$492,LARGE(('Eingabe Meldungen'!$A$2:$A$492=$B$72)*(ROW('Eingabe Meldungen'!$A$2:$A$492)-1),COUNTIF('Eingabe Meldungen'!$A$2:$A$492,$B$72)+1-ROW('Eingabe Meldungen'!A10))))} -> Krausch | C83: {=IF(ISERROR(INDEX('Eingabe Meldungen'!$D$2:$D$492,LARGE(('Eingabe Meldungen'!$A$2:$A$492=$B$72)*(ROW('Eingabe Meldungen'!$A$2:$A$492)-1),COUNTIF('Eingabe Meldungen'!$A$2:$A$492,$B$72)+1-ROW('Eingabe Meldungen'!A10)))),"",INDEX('Eingabe Meldungen'!$D$2:$D$492,LARGE(('Eingabe Meldungen'!$A$2:$A$492=$B$72)*(ROW('Eingabe Meldungen'!$A$2:$A$492)-1),COUNTIF('Eingabe Meldungen'!$A$2:$A$492,$B$72)+1-ROW('Eingabe Meldungen'!A10))))} -> Philipp | D83: {=IF(B83<>"",INDEX('Eingabe Meldungen'!$C$2:$H$492,MATCH(B83&C83,'Eingabe Meldungen'!$C$2:$C$492&'Eingabe Meldungen'!$D$2:$D$492,0),6),"")} -> 2007 | E83: {=IF(B83<>"",INDEX('Eingabe Meldungen'!$C$2:$H$492,MATCH(B83&C83,'Eingabe Meldungen'!$C$2:$C$492&'Eingabe Meldungen'!$D$2:$D$492,0),4),"")} -> - | F83: 5 | H83: =RANK(G83,$G$74:$G$88,1) -> #N/A | I83: {=IF(B83<>"",INDEX('Eingabe Meldungen'!$C$2:$J$492,MATCH(B83&C83,'Eingabe Meldungen'!$C$2:$C$492&'Eingabe Meldungen'!$D$2:$D$492,0),8),"")} -> Heidelberger Ruderklub
B84: {=IF(ISERROR(INDEX('Eingabe Meldungen'!$C$2:$C$492,LARGE(('Eingabe Meldungen'!$A$2:$A$492=$B$72)*(ROW('Eingabe Meldungen'!$A$2:$A$492)-1),COUNTIF('Eingabe Meldungen'!$A$2:$A$492,$B$72)+1-ROW('Eingabe Meldungen'!A11)))),"",INDEX('Eingabe Meldungen'!$C$2:$C$492,LARGE(('Eingabe Meldungen'!$A$2:$A$492=$B$72)*(ROW('Eingabe Meldungen'!$A$2:$A$492)-1),COUNTIF('Eingabe Meldungen'!$A$2:$A$492,$B$72)+1-ROW('Eingabe Meldungen'!A11))))} -> Schilling | C84: {=IF(ISERROR(INDEX('Eingabe Meldungen'!$D$2:$D$492,LARGE(('Eingabe Meldungen'!$A$2:$A$492=$B$72)*(ROW('Eingabe Meldungen'!$A$2:$A$492)-1),COUNTIF('Eingabe Meldungen'!$A$2:$A$492,$B$72)+1-ROW('Eingabe Meldungen'!A11)))),"",INDEX('Eingabe Meldungen'!$D$2:$D$492,LARGE(('Eingabe Meldungen'!$A$2:$A$492=$B$72)*(ROW('Eingabe Meldungen'!$A$2:$A$492)-1),COUNTIF('Eingabe Meldungen'!$A$2:$A$492,$B$72)+1-ROW('Eingabe Meldungen'!A11))))} -> Philipp | D84: {=IF(B84<>"",INDEX('Eingabe Meldungen'!$C$2:$H$492,MATCH(B84&C84,'Eingabe Meldungen'!$C$2:$C$492&'Eingabe Meldungen'!$D$2:$D$492,0),6),"")} -> 2007 | E84: {=IF(B84<>"",INDEX('Eingabe Meldungen'!$C$2:$H$492,MATCH(B84&C84,'Eingabe Meldungen'!$C$2:$C$492&'Eingabe Meldungen'!$D$2:$D$492,0),4),"")} -> - | F84: 6 | H84: =RANK(G84,$G$74:$G$88,1) -> #N/A | I84: {=IF(B84<>"",INDEX('Eingabe Meldungen'!$C$2:$J$492,MATCH(B84&C84,'Eingabe Meldungen'!$C$2:$C$492&'Eingabe Meldungen'!$D$2:$D$492,0),8),"")} -> Heidelberger Ruderklub
B85: {=IF(ISERROR(INDEX('Eingabe Meldungen'!$C$2:$C$492,LARGE(('Eingabe Meldungen'!$A$2:$A$492=$B$72)*(ROW('Eingabe Meldungen'!$A$2:$A$492)-1),COUNTIF('Eingabe Meldungen'!$A$2:$A$492,$B$72)+1-ROW('Eingabe Meldungen'!A12)))),"",INDEX('Eingabe Meldungen'!$C$2:$C$492,LARGE(('Eingabe Meldungen'!$A$2:$A$492=$B$72)*(ROW('Eingabe Meldungen'!$A$2:$A$492)-1),COUNTIF('Eingabe Meldungen'!$A$2:$A$492,$B$72)+1-ROW('Eingabe Meldungen'!A12))))} -> Calovini | C85: {=IF(ISERROR(INDEX('Eingabe Meldungen'!$D$2:$D$492,LARGE(('Eingabe Meldungen'!$A$2:$A$492=$B$72)*(ROW('Eingabe Meldungen'!$A$2:$A$492)-1),COUNTIF('Eingabe Meldungen'!$A$2:$A$492,$B$72)+1-ROW('Eingabe Meldungen'!A12)))),"",INDEX('Eingabe Meldungen'!$D$2:$D$492,LARGE(('Eingabe Meldungen'!$A$2:$A$492=$B$72)*(ROW('Eingabe Meldungen'!$A$2:$A$492)-1),COUNTIF('Eingabe Meldungen'!$A$2:$A$492,$B$72)+1-ROW('Eingabe Meldungen'!A12))))} -> Samuel | D85: {=IF(B85<>"",INDEX('Eingabe Meldungen'!$C$2:$H$492,MATCH(B85&C85,'Eingabe Meldungen'!$C$2:$C$492&'Eingabe Meldungen'!$D$2:$D$492,0),6),"")} -> 2007 | E85: {=IF(B85<>"",INDEX('Eingabe Meldungen'!$C$2:$H$492,MATCH(B85&C85,'Eingabe Meldungen'!$C$2:$C$492&'Eingabe Meldungen'!$D$2:$D$492,0),4),"")} -> - | F85: 7 | H85: =RANK(G85,$G$74:$G$88,1) -> #N/A | I85: {=IF(B85<>"",INDEX('Eingabe Meldungen'!$C$2:$J$492,MATCH(B85&C85,'Eingabe Meldungen'!$C$2:$C$492&'Eingabe Meldungen'!$D$2:$D$492,0),8),"")} -> Marbacher Ruderverein
B86: {=IF(ISERROR(INDEX('Eingabe Meldungen'!$C$2:$C$492,LARGE(('Eingabe Meldungen'!$A$2:$A$492=$B$72)*(ROW('Eingabe Meldungen'!$A$2:$A$492)-1),COUNTIF('Eingabe Meldungen'!$A$2:$A$492,$B$72)+1-ROW('Eingabe Meldungen'!A13)))),"",INDEX('Eingabe Meldungen'!$C$2:$C$492,LARGE(('Eingabe Meldungen'!$A$2:$A$492=$B$72)*(ROW('Eingabe Meldungen'!$A$2:$A$492)-1),COUNTIF('Eingabe Meldungen'!$A$2:$A$492,$B$72)+1-ROW('Eingabe Meldungen'!A13))))} | C86: {=IF(ISERROR(INDEX('Eingabe Meldungen'!$D$2:$D$492,LARGE(('Eingabe Meldungen'!$A$2:$A$492=$B$72)*(ROW('Eingabe Meldungen'!$A$2:$A$492)-1),COUNTIF('Eingabe Meldungen'!$A$2:$A$492,$B$72)+1-ROW('Eingabe Meldungen'!A13)))),"",INDEX('Eingabe Meldungen'!$D$2:$D$492,LARGE(('Eingabe Meldungen'!$A$2:$A$492=$B$72)*(ROW('Eingabe Meldungen'!$A$2:$A$492)-1),COUNTIF('Eingabe Meldungen'!$A$2:$A$492,$B$72)+1-ROW('Eingabe Meldungen'!A13))))} | D86: {=IF(B86<>"",INDEX('Eingabe Meldungen'!$C$2:$H$492,MATCH(B86&C86,'Eingabe Meldungen'!$C$2:$C$492&'Eingabe Meldungen'!$D$2:$D$492,0),6),"")} | E86: {=IF(B86<>"",INDEX('Eingabe Meldungen'!$C$2:$H$492,MATCH(B86&C86,'Eingabe Meldungen'!$C$2:$C$492&'Eingabe Meldungen'!$D$2:$D$492,0),4),"")} | F86: 8 | H86: =RANK(G86,$G$74:$G$88,1) -> #N/A | I86: {=IF(B86<>"",INDEX('Eingabe Meldungen'!$C$2:$J$492,MATCH(B86&C86,'Eingabe Meldungen'!$C$2:$C$492&'Eingabe Meldungen'!$D$2:$D$492,0),8),"")}
B87: {=IF(ISERROR(INDEX('Eingabe Meldungen'!$C$2:$C$492,LARGE(('Eingabe Meldungen'!$A$2:$A$492=$B$72)*(ROW('Eingabe Meldungen'!$A$2:$A$492)-1),COUNTIF('Eingabe Meldungen'!$A$2:$A$492,$B$72)+1-ROW('Eingabe Meldungen'!A14)))),"",INDEX('Eingabe Meldungen'!$C$2:$C$492,LARGE(('Eingabe Meldungen'!$A$2:$A$492=$B$72)*(ROW('Eingabe Meldungen'!$A$2:$A$492)-1),COUNTIF('Eingabe Meldungen'!$A$2:$A$492,$B$72)+1-ROW('Eingabe Meldungen'!A14))))} | C87: {=IF(ISERROR(INDEX('Eingabe Meldungen'!$D$2:$D$492,LARGE(('Eingabe Meldungen'!$A$2:$A$492=$B$72)*(ROW('Eingabe Meldungen'!$A$2:$A$492)-1),COUNTIF('Eingabe Meldungen'!$A$2:$A$492,$B$72)+1-ROW('Eingabe Meldungen'!A14)))),"",INDEX('Eingabe Meldungen'!$D$2:$D$492,LARGE(('Eingabe Meldungen'!$A$2:$A$492=$B$72)*(ROW('Eingabe Meldungen'!$A$2:$A$492)-1),COUNTIF('Eingabe Meldungen'!$A$2:$A$492,$B$72)+1-ROW('Eingabe Meldungen'!A14))))} | D87: {=IF(B87<>"",INDEX('Eingabe Meldungen'!$C$2:$H$492,MATCH(B87&C87,'Eingabe Meldungen'!$C$2:$C$492&'Eingabe Meldungen'!$D$2:$D$492,0),6),"")} | E87: {=IF(B87<>"",INDEX('Eingabe Meldungen'!$C$2:$H$492,MATCH(B87&C87,'Eingabe Meldungen'!$C$2:$C$492&'Eingabe Meldungen'!$D$2:$D$492,0),4),"")} | F87: 9 | H87: =RANK(G87,$G$74:$G$88,1) -> #N/A | I87: {=IF(B87<>"",INDEX('Eingabe Meldungen'!$C$2:$J$492,MATCH(B87&C87,'Eingabe Meldungen'!$C$2:$C$492&'Eingabe Meldungen'!$D$2:$D$492,0),8),"")}
B88: {=IF(ISERROR(INDEX('Eingabe Meldungen'!$C$2:$C$492,LARGE(('Eingabe Meldungen'!$A$2:$A$492=$B$72)*(ROW('Eingabe Meldungen'!$A$2:$A$492)-1),COUNTIF('Eingabe Meldungen'!$A$2:$A$492,$B$72)+1-ROW('Eingabe Meldungen'!A15)))),"",INDEX('Eingabe Meldungen'!$C$2:$C$492,LARGE(('Eingabe Meldungen'!$A$2:$A$492=$B$72)*(ROW('Eingabe Meldungen'!$A$2:$A$492)-1),COUNTIF('Eingabe Meldungen'!$A$2:$A$492,$B$72)+1-ROW('Eingabe Meldungen'!A15))))} | C88: {=IF(ISERROR(INDEX('Eingabe Meldungen'!$D$2:$D$492,LARGE(('Eingabe Meldungen'!$A$2:$A$492=$B$72)*(ROW('Eingabe Meldungen'!$A$2:$A$492)-1),COUNTIF('Eingabe Meldungen'!$A$2:$A$492,$B$72)+1-ROW('Eingabe Meldungen'!A15)))),"",INDEX('Eingabe Meldungen'!$D$2:$D$492,LARGE(('Eingabe Meldungen'!$A$2:$A$492=$B$72)*(ROW('Eingabe Meldungen'!$A$2:$A$492)-1),COUNTIF('Eingabe Meldungen'!$A$2:$A$492,$B$72)+1-ROW('Eingabe Meldungen'!A15))))} | D88: {=IF(B88<>"",INDEX('Eingabe Meldungen'!$C$2:$H$492,MATCH(B88&C88,'Eingabe Meldungen'!$C$2:$C$492&'Eingabe Meldungen'!$D$2:$D$492,0),6),"")} | E88: {=IF(B88<>"",INDEX('Eingabe Meldungen'!$C$2:$H$492,MATCH(B88&C88,'Eingabe Meldungen'!$C$2:$C$492&'Eingabe Meldungen'!$D$2:$D$492,0),4),"")} | F88: 10 | H88: =RANK(G88,$G$74:$G$88,1) -> #N/A | I88: {=IF(B88<>"",INDEX('Eingabe Meldungen'!$C$2:$J$492,MATCH(B88&C88,'Eingabe Meldungen'!$C$2:$C$492&'Eingabe Meldungen'!$D$2:$D$492,0),8),"")}
B90: =B72+1 -> 5 | C90: =VLOOKUP(B90,Ausschreibung!$B$5:$I$35,2,FALSE) -> Ergocup | D90: =VLOOKUP(B90,Ausschreibung!$B$5:$I$35,3,FALSE) -> 0.50277778 | E90: Mädchen U14, 1000m | F90: =VLOOKUP(B90,Ausschreibung!$B$5:$I$35,5,FALSE) -> Lgw. bis 50 kg | G90: =VLOOKUP(B90,Ausschreibung!$B$5:$I$35,6,FALSE) -> 13 und jünger | H90: =VLOOKUP(B90,Ausschreibung!$B$5:$I$35,8,FALSE) -> 1000 m
B91: Name | C91: Vorname | D91: Jhg | E91: Klasse | F91: Ergonummer | G91: Ergebnis | H91: Platzierung | I91: Verein
B92: {=IF(ISERROR(INDEX('Eingabe Meldungen'!$C$2:$C$492,LARGE(('Eingabe Meldungen'!$A$2:$A$492=$B$90)*(ROW('Eingabe Meldungen'!$A$2:$A$492)-1),COUNTIF('Eingabe Meldungen'!$A$2:$A$492,$B$90)+1-ROW('Eingabe Meldungen'!A1)))),"",INDEX('Eingabe Meldungen'!$C$2:$C$492,LARGE(('Eingabe Meldungen'!$A$2:$A$492=$B$90)*(ROW('Eingabe Meldungen'!$A$2:$A$492)-1),COUNTIF('Eingabe Meldungen'!$A$2:$A$492,$B$90)+1-ROW('Eingabe Meldungen'!A1))))} -> Schilling | C92: {=IF(ISERROR(INDEX('Eingabe Meldungen'!$D$2:$D$492,LARGE(('Eingabe Meldungen'!$A$2:$A$492=$B$90)*(ROW('Eingabe Meldungen'!$A$2:$A$492)-1),COUNTIF('Eingabe Meldungen'!$A$2:$A$492,$B$90)+1-ROW('Eingabe Meldungen'!A1)))),"",INDEX('Eingabe Meldungen'!$D$2:$D$492,LARGE(('Eingabe Meldungen'!$A$2:$A$492=$B$90)*(ROW('Eingabe Meldungen'!$A$2:$A$492)-1),COUNTIF('Eingabe Meldungen'!$A$2:$A$492,$B$90)+1-ROW('Eingabe Meldungen'!A1))))} -> Amelie | D92: {=IF(B92<>"",INDEX('Eingabe Meldungen'!$C$2:$H$492,MATCH(B92&C92,'Eingabe Meldungen'!$C$2:$C$492&'Eingabe Meldungen'!$D$2:$D$492,0),6),"")} -> 2007 | E92: {=IF(B92<>"",INDEX('Eingabe Meldungen'!$C$2:$H$492,MATCH(B92&C92,'Eingabe Meldungen'!$C$2:$C$492&'Eingabe Meldungen'!$D$2:$D$492,0),4),"")} -> Lgw. bis 50 kg | F92: 1 | H92: =RANK(G92,$G$92:$G$101,1) -> #N/A | I92: {=IF(B92<>"",INDEX('Eingabe Meldungen'!$C$2:$J$492,MATCH(B92&C92,'Eingabe Meldungen'!$C$2:$C$492&'Eingabe Meldungen'!$D$2:$D$492,0),8),"")} -> RC Nürtingen
B93: {=IF(ISERROR(INDEX('Eingabe Meldungen'!$C$2:$C$492,LARGE(('Eingabe Meldungen'!$A$2:$A$492=$B$90)*(ROW('Eingabe Meldungen'!$A$2:$A$492)-1),COUNTIF('Eingabe Meldungen'!$A$2:$A$492,$B$90)+1-ROW('Eingabe Meldungen'!A2)))),"",INDEX('Eingabe Meldungen'!$C$2:$C$492,LARGE(('Eingabe Meldungen'!$A$2:$A$492=$B$90)*(ROW('Eingabe Meldungen'!$A$2:$A$492)-1),COUNTIF('Eingabe Meldungen'!$A$2:$A$492,$B$90)+1-ROW('Eingabe Meldungen'!A2))))} -> Deimel | C93: {=IF(ISERROR(INDEX('Eingabe Meldungen'!$D$2:$D$492,LARGE(('Eingabe Meldungen'!$A$2:$A$492=$B$90)*(ROW('Eingabe Meldungen'!$A$2:$A$492)-1),COUNTIF('Eingabe Meldungen'!$A$2:$A$492,$B$90)+1-ROW('Eingabe Meldungen'!A2)))),"",INDEX('Eingabe Meldungen'!$D$2:$D$492,LARGE(('Eingabe Meldungen'!$A$2:$A$492=$B$90)*(ROW('Eingabe Meldungen'!$A$2:$A$492)-1),COUNTIF('Eingabe Meldungen'!$A$2:$A$492,$B$90)+1-ROW('Eingabe Meldungen'!A2))))} -> Johanna | D93: {=IF(B93<>"",INDEX('Eingabe Meldungen'!$C$2:$H$492,MATCH(B93&C93,'Eingabe Meldungen'!$C$2:$C$492&'Eingabe Meldungen'!$D$2:$D$492,0),6),"")} -> 2007 | E93: {=IF(B93<>"",INDEX('Eingabe Meldungen'!$C$2:$H$492,MATCH(B93&C93,'Eingabe Meldungen'!$C$2:$C$492&'Eingabe Meldungen'!$D$2:$D$492,0),4),"")} -> Lgw. bis 50 kg | F93: 2 | H93: =RANK(G93,$G$92:$G$101,1) -> #N/A | I93: {=IF(B93<>"",INDEX('Eingabe Meldungen'!$C$2:$J$492,MATCH(B93&C93,'Eingabe Meldungen'!$C$2:$C$492&'Eingabe Meldungen'!$D$2:$D$492,0),8),"")} -> Mannheimer RV "Amicitia"
B94: {=IF(ISERROR(INDEX('Eingabe Meldungen'!$C$2:$C$492,LARGE(('Eingabe Meldungen'!$A$2:$A$492=$B$90)*(ROW('Eingabe Meldungen'!$A$2:$A$492)-1),COUNTIF('Eingabe Meldungen'!$A$2:$A$492,$B$90)+1-ROW('Eingabe Meldungen'!A3)))),"",INDEX('Eingabe Meldungen'!$C$2:$C$492,LARGE(('Eingabe Meldungen'!$A$2:$A$492=$B$90)*(ROW('Eingabe Meldungen'!$A$2:$A$492)-1),COUNTIF('Eingabe Meldungen'!$A$2:$A$492,$B$90)+1-ROW('Eingabe Meldungen'!A3))))} -> Warning | C94: {=IF(ISERROR(INDEX('Eingabe Meldungen'!$D$2:$D$492,LARGE(('Eingabe Meldungen'!$A$2:$A$492=$B$90)*(ROW('Eingabe Meldungen'!$A$2:$A$492)-1),COUNTIF('Eingabe Meldungen'!$A$2:$A$492,$B$90)+1-ROW('Eingabe Meldungen'!A3)))),"",INDEX('Eingabe Meldungen'!$D$2:$D$492,LARGE(('Eingabe Meldungen'!$A$2:$A$492=$B$90)*(ROW('Eingabe Meldungen'!$A$2:$A$492)-1),COUNTIF('Eingabe Meldungen'!$A$2:$A$492,$B$90)+1-ROW('Eingabe Meldungen'!A3))))} -> Johanna | D94: {=IF(B94<>"",INDEX('Eingabe Meldungen'!$C$2:$H$492,MATCH(B94&C94,'Eingabe Meldungen'!$C$2:$C$492&'Eingabe Meldungen'!$D$2:$D$492,0),6),"")} -> 2007 | E94: {=IF(B94<>"",INDEX('Eingabe Meldungen'!$C$2:$H$492,MATCH(B94&C94,'Eingabe Meldungen'!$C$2:$C$492&'Eingabe Meldungen'!$D$2:$D$492,0),4),"")} -> Lgw. bis 50 kg | F94: 3 | H94: =RANK(G94,$G$92:$G$101,1) -> #N/A | I94: {=IF(B94<>"",INDEX('Eingabe Meldungen'!$C$2:$J$492,MATCH(B94&C94,'Eingabe Meldungen'!$C$2:$C$492&'Eingabe Meldungen'!$D$2:$D$492,0),8),"")} -> Stuttgart-Cannstatter RC
B95: {=IF(ISERROR(INDEX('Eingabe Meldungen'!$C$2:$C$492,LARGE(('Eingabe Meldungen'!$A$2:$A$492=$B$90)*(ROW('Eingabe Meldungen'!$A$2:$A$492)-1),COUNTIF('Eingabe Meldungen'!$A$2:$A$492,$B$90)+1-ROW('Eingabe Meldungen'!A4)))),"",INDEX('Eingabe Meldungen'!$C$2:$C$492,LARGE(('Eingabe Meldungen'!$A$2:$A$492=$B$90)*(ROW('Eingabe Meldungen'!$A$2:$A$492)-1),COUNTIF('Eingabe Meldungen'!$A$2:$A$492,$B$90)+1-ROW('Eingabe Meldungen'!A4))))} -> Jonescheit | C95: {=IF(ISERROR(INDEX('Eingabe Meldungen'!$D$2:$D$492,LARGE(('Eingabe Meldungen'!$A$2:$A$492=$B$90)*(ROW('Eingabe Meldungen'!$A$2:$A$492)-1),COUNTIF('Eingabe Meldungen'!$A$2:$A$492,$B$90)+1-ROW('Eingabe Meldungen'!A4)))),"",INDEX('Eingabe Meldungen'!$D$2:$D$492,LARGE(('Eingabe Meldungen'!$A$2:$A$492=$B$90)*(ROW('Eingabe Meldungen'!$A$2:$A$492)-1),COUNTIF('Eingabe Meldungen'!$A$2:$A$492,$B$90)+1-ROW('Eingabe Meldungen'!A4))))} -> Zoë | D95: {=IF(B95<>"",INDEX('Eingabe Meldungen'!$C$2:$H$492,MATCH(B95&C95,'Eingabe Meldungen'!$C$2:$C$492&'Eingabe Meldungen'!$D$2:$D$492,0),6),"")} -> 2007 | E95: {=IF(B95<>"",INDEX('Eingabe Meldungen'!$C$2:$H$492,MATCH(B95&C95,'Eingabe Meldungen'!$C$2:$C$492&'Eingabe Meldungen'!$D$2:$D$492,0),4),"")} -> Lgw. bis 50 kg | F95: 4 | H95: =RANK(G95,$G$92:$G$101,1) -> #N/A | I95: {=IF(B95<>"",INDEX('Eingabe Meldungen'!$C$2:$J$492,MATCH(B95&C95,'Eingabe Meldungen'!$C$2:$C$492&'Eingabe Meldungen'!$D$2:$D$492,0),8),"")} -> Mannheimer RV "Amicitia"
B96: {=IF(ISERROR(INDEX('Eingabe Meldungen'!$C$2:$C$492,LARGE(('Eingabe Meldungen'!$A$2:$A$492=$B$90)*(ROW('Eingabe Meldungen'!$A$2:$A$492)-1),COUNTIF('Eingabe Meldungen'!$A$2:$A$492,$B$90)+1-ROW('Eingabe Meldungen'!A5)))),"",INDEX('Eingabe Meldungen'!$C$2:$C$492,LARGE(('Eingabe Meldungen'!$A$2:$A$492=$B$90)*(ROW('Eingabe Meldungen'!$A$2:$A$492)-1),COUNTIF('Eingabe Meldungen'!$A$2:$A$492,$B$90)+1-ROW('Eingabe Meldungen'!A5))))} -> Grünewald | C96: {=IF(ISERROR(INDEX('Eingabe Meldungen'!$D$2:$D$492,LARGE(('Eingabe Meldungen'!$A$2:$A$492=$B$90)*(ROW('Eingabe Meldungen'!$A$2:$A$492)-1),COUNTIF('Eingabe Meldungen'!$A$2:$A$492,$B$90)+1-ROW('Eingabe Meldungen'!A5)))),"",INDEX('Eingabe Meldungen'!$D$2:$D$492,LARGE(('Eingabe Meldungen'!$A$2:$A$492=$B$90)*(ROW('Eingabe Meldungen'!$A$2:$A$492)-1),COUNTIF('Eingabe Meldungen'!$A$2:$A$492,$B$90)+1-ROW('Eingabe Meldungen'!A5))))} -> Julika | D96: {=IF(B96<>"",INDEX('Eingabe Meldungen'!$C$2:$H$492,MATCH(B96&C96,'Eingabe Meldungen'!$C$2:$C$492&'Eingabe Meldungen'!$D$2:$D$492,0),6),"")} -> 2008 | E96: {=IF(B96<>"",INDEX('Eingabe Meldungen'!$C$2:$H$492,MATCH(B96&C96,'Eingabe Meldungen'!$C$2:$C$492&'Eingabe Meldungen'!$D$2:$D$492,0),4),"")} -> Lgw. bis 50 kg | F96: 5 | H96: =RANK(G96,$G$92:$G$101,1) -> #N/A | I96: {=IF(B96<>"",INDEX('Eingabe Meldungen'!$C$2:$J$492,MATCH(B96&C96,'Eingabe Meldungen'!$C$2:$C$492&'Eingabe Meldungen'!$D$2:$D$492,0),8),"")} -> Marbacher Ruderverein
B97: {=IF(ISERROR(INDEX('Eingabe Meldungen'!$C$2:$C$492,LARGE(('Eingabe Meldungen'!$A$2:$A$492=$B$90)*(ROW('Eingabe Meldungen'!$A$2:$A$492)-1),COUNTIF('Eingabe Meldungen'!$A$2:$A$492,$B$90)+1-ROW('Eingabe Meldungen'!A6)))),"",INDEX('Eingabe Meldungen'!$C$2:$C$492,LARGE(('Eingabe Meldungen'!$A$2:$A$492=$B$90)*(ROW('Eingabe Meldungen'!$A$2:$A$492)-1),COUNTIF('Eingabe Meldungen'!$A$2:$A$492,$B$90)+1-ROW('Eingabe Meldungen'!A6))))} | C97: {=IF(ISERROR(INDEX('Eingabe Meldungen'!$D$2:$D$492,LARGE(('Eingabe Meldungen'!$A$2:$A$492=$B$90)*(ROW('Eingabe Meldungen'!$A$2:$A$492)-1),COUNTIF('Eingabe Meldungen'!$A$2:$A$492,$B$90)+1-ROW('Eingabe Meldungen'!A6)))),"",INDEX('Eingabe Meldungen'!$D$2:$D$492,LARGE(('Eingabe Meldungen'!$A$2:$A$492=$B$90)*(ROW('Eingabe Meldungen'!$A$2:$A$492)-1),COUNTIF('Eingabe Meldungen'!$A$2:$A$492,$B$90)+1-ROW('Eingabe Meldungen'!A6))))} | D97: {=IF(B97<>"",INDEX('Eingabe Meldungen'!$C$2:$H$492,MATCH(B97&C97,'Eingabe Meldungen'!$C$2:$C$492&'Eingabe Meldungen'!$D$2:$D$492,0),6),"")} | E97: {=IF(B97<>"",INDEX('Eingabe Meldungen'!$C$2:$H$492,MATCH(B97&C97,'Eingabe Meldungen'!$C$2:$C$492&'Eingabe Meldungen'!$D$2:$D$492,0),4),"")} | F97: 6 | H97: =RANK(G97,$G$92:$G$101,1) -> #N/A | I97: {=IF(B97<>"",INDEX('Eingabe Meldungen'!$C$2:$J$492,MATCH(B97&C97,'Eingabe Meldungen'!$C$2:$C$492&'Eingabe Meldungen'!$D$2:$D$492,0),8),"")}
B98: {=IF(ISERROR(INDEX('Eingabe Meldungen'!$C$2:$C$492,LARGE(('Eingabe Meldungen'!$A$2:$A$492=$B$90)*(ROW('Eingabe Meldungen'!$A$2:$A$492)-1),COUNTIF('Eingabe Meldungen'!$A$2:$A$492,$B$90)+1-ROW('Eingabe Meldungen'!A7)))),"",INDEX('Eingabe Meldungen'!$C$2:$C$492,LARGE(('Eingabe Meldungen'!$A$2:$A$492=$B$90)*(ROW('Eingabe Meldungen'!$A$2:$A$492)-1),COUNTIF('Eingabe Meldungen'!$A$2:$A$492,$B$90)+1-ROW('Eingabe Meldungen'!A7))))} | C98: {=IF(ISERROR(INDEX('Eingabe Meldungen'!$D$2:$D$492,LARGE(('Eingabe Meldungen'!$A$2:$A$492=$B$90)*(ROW('Eingabe Meldungen'!$A$2:$A$492)-1),COUNTIF('Eingabe Meldungen'!$A$2:$A$492,$B$90)+1-ROW('Eingabe Meldungen'!A7)))),"",INDEX('Eingabe Meldungen'!$D$2:$D$492,LARGE(('Eingabe Meldungen'!$A$2:$A$492=$B$90)*(ROW('Eingabe Meldungen'!$A$2:$A$492)-1),COUNTIF('Eingabe Meldungen'!$A$2:$A$492,$B$90)+1-ROW('Eingabe Meldungen'!A7))))} | D98: {=IF(B98<>"",INDEX('Eingabe Meldungen'!$C$2:$H$492,MATCH(B98&C98,'Eingabe Meldungen'!$C$2:$C$492&'Eingabe Meldungen'!$D$2:$D$492,0),6),"")} | E98: {=IF(B98<>"",INDEX('Eingabe Meldungen'!$C$2:$H$492,MATCH(B98&C98,'Eingabe Meldungen'!$C$2:$C$492&'Eingabe Meldungen'!$D$2:$D$492,0),4),"")} | F98: 7 | H98: =RANK(G98,$G$92:$G$101,1) -> #N/A | I98: {=IF(B98<>"",INDEX('Eingabe Meldungen'!$C$2:$J$492,MATCH(B98&C98,'Eingabe Meldungen'!$C$2:$C$492&'Eingabe Meldungen'!$D$2:$D$492,0),8),"")}
B99: {=IF(ISERROR(INDEX('Eingabe Meldungen'!$C$2:$C$492,LARGE(('Eingabe Meldungen'!$A$2:$A$492=$B$90)*(ROW('Eingabe Meldungen'!$A$2:$A$492)-1),COUNTIF('Eingabe Meldungen'!$A$2:$A$492,$B$90)+1-ROW('Eingabe Meldungen'!A8)))),"",INDEX('Eingabe Meldungen'!$C$2:$C$492,LARGE(('Eingabe Meldungen'!$A$2:$A$492=$B$90)*(ROW('Eingabe Meldungen'!$A$2:$A$492)-1),COUNTIF('Eingabe Meldungen'!$A$2:$A$492,$B$90)+1-ROW('Eingabe Meldungen'!A8))))} | C99: {=IF(ISERROR(INDEX('Eingabe Meldungen'!$D$2:$D$492,LARGE(('Eingabe Meldungen'!$A$2:$A$492=$B$90)*(ROW('Eingabe Meldungen'!$A$2:$A$492)-1),COUNTIF('Eingabe Meldungen'!$A$2:$A$492,$B$90)+1-ROW('Eingabe Meldungen'!A8)))),"",INDEX('Eingabe Meldungen'!$D$2:$D$492,LARGE(('Eingabe Meldungen'!$A$2:$A$492=$B$90)*(ROW('Eingabe Meldungen'!$A$2:$A$492)-1),COUNTIF('Eingabe Meldungen'!$A$2:$A$492,$B$90)+1-ROW('Eingabe Meldungen'!A8))))} | D99: {=IF(B99<>"",INDEX('Eingabe Meldungen'!$C$2:$H$492,MATCH(B99&C99,'Eingabe Meldungen'!$C$2:$C$492&'Eingabe Meldungen'!$D$2:$D$492,0),6),"")} | E99: {=IF(B99<>"",INDEX('Eingabe Meldungen'!$C$2:$H$492,MATCH(B99&C99,'Eingabe Meldungen'!$C$2:$C$492&'Eingabe Meldungen'!$D$2:$D$492,0),4),"")} | F99: 8 | H99: =RANK(G99,$G$92:$G$101,1) -> #N/A | I99: {=IF(B99<>"",INDEX('Eingabe Meldungen'!$C$2:$J$492,MATCH(B99&C99,'Eingabe Meldungen'!$C$2:$C$492&'Eingabe Meldungen'!$D$2:$D$492,0),8),"")}
B100: {=IF(ISERROR(INDEX('Eingabe Meldungen'!$C$2:$C$492,LARGE(('Eingabe Meldungen'!$A$2:$A$492=$B$90)*(ROW('Eingabe Meldungen'!$A$2:$A$492)-1),COUNTIF('Eingabe Meldungen'!$A$2:$A$492,$B$90)+1-ROW('Eingabe Meldungen'!A9)))),"",INDEX('Eingabe Meldungen'!$C$2:$C$492,LARGE(('Eingabe Meldungen'!$A$2:$A$492=$B$90)*(ROW('Eingabe Meldungen'!$A$2:$A$492)-1),COUNTIF('Eingabe Meldungen'!$A$2:$A$492,$B$90)+1-ROW('Eingabe Meldungen'!A9))))} | C100: {=IF(ISERROR(INDEX('Eingabe Meldungen'!$D$2:$D$492,LARGE(('Eingabe Meldungen'!$A$2:$A$492=$B$90)*(ROW('Eingabe Meldungen'!$A$2:$A$492)-1),COUNTIF('Eingabe Meldungen'!$A$2:$A$492,$B$90)+1-ROW('Eingabe Meldungen'!A9)))),"",INDEX('Eingabe Meldungen'!$D$2:$D$492,LARGE(('Eingabe Meldungen'!$A$2:$A$492=$B$90)*(ROW('Eingabe Meldungen'!$A$2:$A$492)-1),COUNTIF('Eingabe Meldungen'!$A$2:$A$492,$B$90)+1-ROW('Eingabe Meldungen'!A9))))} | D100: {=IF(B100<>"",INDEX('Eingabe Meldungen'!$C$2:$H$492,MATCH(B100&C100,'Eingabe Meldungen'!$C$2:$C$492&'Eingabe Meldungen'!$D$2:$D$492,0),6),"")} | E100: {=IF(B100<>"",INDEX('Eingabe Meldungen'!$C$2:$H$492,MATCH(B100&C100,'Eingabe Meldungen'!$C$2:$C$492&'Eingabe Meldungen'!$D$2:$D$492,0),4),"")} | F100: 9 | H100: =RANK(G100,$G$92:$G$101,1) -> #N/A | I100: {=IF(B100<>"",INDEX('Eingabe Meldungen'!$C$2:$J$492,MATCH(B100&C100,'Eingabe Meldungen'!$C$2:$C$492&'Eingabe Meldungen'!$D$2:$D$492,0),8),"")}
B101: {=IF(ISERROR(INDEX('Eingabe Meldungen'!$C$2:$C$492,LARGE(('Eingabe Meldungen'!$A$2:$A$492=$B$90)*(ROW('Eingabe Meldungen'!$A$2:$A$492)-1),COUNTIF('Eingabe Meldungen'!$A$2:$A$492,$B$90)+1-ROW('Eingabe Meldungen'!A10)))),"",INDEX('Eingabe Meldungen'!$C$2:$C$492,LARGE(('Eingabe Meldungen'!$A$2:$A$492=$B$90)*(ROW('Eingabe Meldungen'!$A$2:$A$492)-1),COUNTIF('Eingabe Meldungen'!$A$2:$A$492,$B$90)+1-ROW('Eingabe Meldungen'!A10))))} | C101: {=IF(ISERROR(INDEX('Eingabe Meldungen'!$D$2:$D$492,LARGE(('Eingabe Meldungen'!$A$2:$A$492=$B$90)*(ROW('Eingabe Meldungen'!$A$2:$A$492)-1),COUNTIF('Eingabe Meldungen'!$A$2:$A$492,$B$90)+1-ROW('Eingabe Meldungen'!A10)))),"",INDEX('Eingabe Meldungen'!$D$2:$D$492,LARGE(('Eingabe Meldungen'!$A$2:$A$492=$B$90)*(ROW('Eingabe Meldungen'!$A$2:$A$492)-1),COUNTIF('Eingabe Meldungen'!$A$2:$A$492,$B$90)+1-ROW('Eingabe Meldungen'!A10))))} | D101: {=IF(B101<>"",INDEX('Eingabe Meldungen'!$C$2:$H$492,MATCH(B101&C101,'Eingabe Meldungen'!$C$2:$C$492&'Eingabe Meldungen'!$D$2:$D$492,0),6),"")} | E101: {=IF(B101<>"",INDEX('Eingabe Meldungen'!$C$2:$H$492,MATCH(B101&C101,'Eingabe Meldungen'!$C$2:$C$492&'Eingabe Meldungen'!$D$2:$D$492,0),4),"")} | F101: 10 | H101: =RANK(G101,$G$92:$G$101,1) -> #N/A | I101: {=IF(B101<>"",INDEX('Eingabe Meldungen'!$C$2:$J$492,MATCH(B101&C101,'Eingabe Meldungen'!$C$2:$C$492&'Eingabe Meldungen'!$D$2:$D$492,0),8),"")}
B103: =B90+1 -> 6 | C103: =VLOOKUP(B103,Ausschreibung!$B$5:$I$35,2,FALSE) -> Ergocup | D103: =VLOOKUP(B103,Ausschreibung!$B$5:$I$35,3,FALSE) -> 0.50833333 | E103: Mädchen U14, 1000m | F103: =VLOOKUP(B103,Ausschreibung!$B$5:$I$35,5,FALSE) -> - | G103: =VLOOKUP(B103,Ausschreibung!$B$5:$I$35,6,FALSE) -> 13 und jünger | H103: =VLOOKUP(B103,Ausschreibung!$B$5:$I$35,8,FALSE) -> 1000 m
B104: Name | C104: Vorname | D104: Jhg | E104: Klasse | F104: Ergonummer | G104: Ergebnis | H104: Platzierung | I104: Verein
B105: {=IF(ISERROR(INDEX('Eingabe Meldungen'!$C$2:$C$492,LARGE(('Eingabe Meldungen'!$A$2:$A$492=$B$103)*(ROW('Eingabe Meldungen'!$A$2:$A$492)-1),COUNTIF('Eingabe Meldungen'!$A$2:$A$492,$B$103)+1-ROW('Eingabe Meldungen'!A1)))),"",INDEX('Eingabe Meldungen'!$C$2:$C$492,LARGE(('Eingabe Meldungen'!$A$2:$A$492=$B$103)*(ROW('Eingabe Meldungen'!$A$2:$A$492)-1),COUNTIF('Eingabe Meldungen'!$A$2:$A$492,$B$103)+1-ROW('Eingabe Meldungen'!A1))))} -> Gathmann | C105: {=IF(ISERROR(INDEX('Eingabe Meldungen'!$D$2:$D$492,LARGE(('Eingabe Meldungen'!$A$2:$A$492=$B$103)*(ROW('Eingabe Meldungen'!$A$2:$A$492)-1),COUNTIF('Eingabe Meldungen'!$A$2:$A$492,$B$103)+1-ROW('Eingabe Meldungen'!A1)))),"",INDEX('Eingabe Meldungen'!$D$2:$D$492,LARGE(('Eingabe Meldungen'!$A$2:$A$492=$B$103)*(ROW('Eingabe Meldungen'!$A$2:$A$492)-1),COUNTIF('Eingabe Meldungen'!$A$2:$A$492,$B$103)+1-ROW('Eingabe Meldungen'!A1))))} -> Johanna | D105: {=IF(B105<>"",INDEX('Eingabe Meldungen'!$C$2:$H$492,MATCH(B105&C105,'Eingabe Meldungen'!$C$2:$C$492&'Eingabe Meldungen'!$D$2:$D$492,0),6),"")} -> 2007 | E105: {=IF(B105<>"",INDEX('Eingabe Meldungen'!$C$2:$H$492,MATCH(B105&C105,'Eingabe Meldungen'!$C$2:$C$492&'Eingabe Meldungen'!$D$2:$D$492,0),4),"")} -> - | F105: 1 | H105: =RANK(G105,$G$105:$G$114,1) -> #N/A | I105: {=IF(B105<>"",INDEX('Eingabe Meldungen'!$C$2:$J$492,MATCH(B105&C105,'Eingabe Meldungen'!$C$2:$C$492&'Eingabe Meldungen'!$D$2:$D$492,0),8),"")} -> Stuttgart-Cannstatter RC
...

Sheet Ergebnisse Rennen
H2: Rang | J2: =RANK(J3,$J$3:$AI$3) -> 13 | K2: =RANK(K3,$J$3:$AI$3) -> 7 | L2: =RANK(L3,$J$3:$AI$3) -> 10 | M2: =RANK(M3,$J$3:$AI$3) -> 3 | N2: =RANK(N3,$J$3:$AI$3) -> 11 | O2: =RANK(O3,$J$3:$AI$3) -> 1 | P2: =RANK(P3,$J$3:$AI$3) -> 2 | Q2: =RANK(Q3,$J$3:$AI$3) -> 4 | ... AI2: =RANK(AI3,$J$3:$AI$3) -> 14
H3: Punkte | J3: =SUM(J81:J652) -> 5 | K3: =SUM(K81:K652) -> 17 | L3: =SUM(L81:L652) -> 12 | M3: =SUM(M81:M652) -> 53 | N3: =SUM(N81:N652) -> 10 | O3: =SUM(O81:O652) -> 72 | P3: =SUM(P81:P652) -> 54 | Q3: =SUM(Q81:Q652) -> 52 | ... AI3: =SUM(AI81:AI652) -> 0
B4: Eingabe Rennergebnisse | J4: Bad Wimpfen | K4: Rudergesellschaft Heidelberg | L4: Ruderklub Heidelberg | M4: RC Nürtingen | N4: Neckarelz | O4: Marbach | P4: Mannheim "Amicitia" | Q4: HRG Schwaben | R4: WSV Neckarrems | S4: RV Waldsee | T4: RC Stuttgart-Canstatter RC | U4: RG Eberbach | V4: Stuttgarter RG
B5: 1 | C5: =VLOOKUP(B5,Ausschreibung!$B$5:$I$35,2,FALSE) -> Ergocup | D5: =VLOOKUP(B5,Ausschreibung!$B$5:$I$35,3,FALSE) -> 0.375 | E5: =VLOOKUP(B5,Ausschreibung!$B$5:$I$35,4,FALSE) -> Masters A-H, weiblich | F5: =VLOOKUP(B5,Ausschreibung!$B$5:$I$35,5,FALSE) -> - | G5: =VLOOKUP(B5,Ausschreibung!$B$5:$I$35,6,FALSE) -> 27 und älter | H5: =VLOOKUP(B5,Ausschreibung!$B$5:$I$35,8,FALSE) -> 30 min.
B6: Name | C6: Vorname | D6: Jhg | E6: Klasse | F6: Ergebnis | G6: Platzierung | H6: Verein
B7: {=IF(ISERROR(INDEX('Eingabe Meldungen'!$C$2:$C$492,LARGE(('Eingabe Meldungen'!$A$2:$A$492=$B$5)*(ROW('Eingabe Meldungen'!$A$2:$A$492)-1),COUNTIF('Eingabe Meldungen'!$A$2:$A$492,$B$5)+1-ROW('Eingabe Meldungen'!A1)))),"",INDEX('Eingabe Meldungen'!$C$2:$C$492,LARGE(('Eingabe Meldungen'!$A$2:$A$492=$B$5)*(ROW('Eingabe Meldungen'!$A$2:$A$492)-1),COUNTIF('Eingabe Meldungen'!$A$2:$A$492,$B$5)+1-ROW('Eingabe Meldungen'!A1))))} -> Reinert | C7: {=IF(ISERROR(INDEX('Eingabe Meldungen'!$D$2:$D$492,LARGE(('Eingabe Meldungen'!$A$2:$A$492=$B$5)*(ROW('Eingabe Meldungen'!$A$2:$A$492)-1),COUNTIF('Eingabe Meldungen'!$A$2:$A$492,$B$5)+1-ROW('Eingabe Meldungen'!A1)))),"",INDEX('Eingabe Meldungen'!$D$2:$D$492,LARGE(('Eingabe Meldungen'!$A$2:$A$492=$B$5)*(ROW('Eingabe Meldungen'!$A$2:$A$492)-1),COUNTIF('Eingabe Meldungen'!$A$2:$A$492,$B$5)+1-ROW('Eingabe Meldungen'!A1))))} -> Ingrid | D7: {=IF(B7<>"",INDEX('Eingabe Meldungen'!$C$2:$H$492,MATCH(B7&C7,'Eingabe Meldungen'!$C$2:$C$492&'Eingabe Meldungen'!$D$2:$D$492,0),6),"")} -> 1960 | E7: {=IF(B7<>"",INDEX('Eingabe Meldungen'!$C$2:$H$492,MATCH(B7&C7,'Eingabe Meldungen'!$C$2:$C$492&'Eingabe Meldungen'!$D$2:$D$492,0),4),"")} -> F | F7: =IF(VLOOKUP(B7,Rennlisten!$B$6:$H$18,6,FALSE)=0,"",VLOOKUP(B7,Rennlisten!$B$6:$H$18,6,FALSE)) | G7: =RANK(F7,F7:F22,1) -> #VALUE! | H7: {=IF(B7<>"",INDEX('Eingabe Meldungen'!$C$2:$J$492,MATCH(B7&C7,'Eingabe Meldungen'!$C$2:$C$492&'Eingabe Meldungen'!$D$2:$D$492,0),8),"")} -> HRG Schwaben | O7: =IF(EXACT($H7,O$4),$I7,"") | P7: =IF(EXACT($H7,P$4),$I7,"") | Q7: =IF(EXACT($H7,Q$4),$I7,"") -> 0 | R7: =IF(EXACT($H7,R$4),$I7,"") | S7: =IF(EXACT($H7,S$4),$I7,"") | T7: =IF(EXACT($H7,T$4),$I7,"") | U7: =IF(EXACT($H7,U$4),$I7,"") | V7: =IF(EXACT($H7,V$4),$I7,"") | ... AD7: =IF(EXACT($H7,AD$4),$I7,"") | AG7: =IF(EXACT($H7,AG$4),$I7,"") | AH7: =IF(EXACT($H7,AH$4),$I7,"") | AI7: =IF(EXACT($H7,AI$4),$I7,"")
B8: {=IF(ISERROR(INDEX('Eingabe Meldungen'!$C$2:$C$492,LARGE(('Eingabe Meldungen'!$A$2:$A$492=$B$5)*(ROW('Eingabe Meldungen'!$A$2:$A$492)-1),COUNTIF('Eingabe Meldungen'!$A$2:$A$492,$B$5)+1-ROW('Eingabe Meldungen'!A2)))),"",INDEX('Eingabe Meldungen'!$C$2:$C$492,LARGE(('Eingabe Meldungen'!$A$2:$A$492=$B$5)*(ROW('Eingabe Meldungen'!$A$2:$A$492)-1),COUNTIF('Eingabe Meldungen'!$A$2:$A$492,$B$5)+1-ROW('Eingabe Meldungen'!A2))))} -> Schmidt | C8: {=IF(ISERROR(INDEX('Eingabe Meldungen'!$D$2:$D$492,LARGE(('Eingabe Meldungen'!$A$2:$A$492=$B$5)*(ROW('Eingabe Meldungen'!$A$2:$A$492)-1),COUNTIF('Eingabe Meldungen'!$A$2:$A$492,$B$5)+1-ROW('Eingabe Meldungen'!A2)))),"",INDEX('Eingabe Meldungen'!$D$2:$D$492,LARGE(('Eingabe Meldungen'!$A$2:$A$492=$B$5)*(ROW('Eingabe Meldungen'!$A$2:$A$492)-1),COUNTIF('Eingabe Meldungen'!$A$2:$A$492,$B$5)+1-ROW('Eingabe Meldungen'!A2))))} -> Henriette | D8: {=IF(B8<>"",INDEX('Eingabe Meldungen'!$C$2:$H$492,MATCH(B8&C8,'Eingabe Meldungen'!$C$2:$C$492&'Eingabe Meldungen'!$D$2:$D$492,0),6),"")} -> 1965 | E8: {=IF(B8<>"",INDEX('Eingabe Meldungen'!$C$2:$H$492,MATCH(B8&C8,'Eingabe Meldungen'!$C$2:$C$492&'Eingabe Meldungen'!$D$2:$D$492,0),4),"")} -> D | F8: =IF(VLOOKUP(B8,Rennlisten!$B$6:$H$18,6,FALSE)=0,"",VLOOKUP(B8,Rennlisten!$B$6:$H$18,6,FALSE)) | G8: =RANK(F8,$F$7:$F$22,1) -> #VALUE! | H8: {=IF(B8<>"",INDEX('Eingabe Meldungen'!$C$2:$J$492,MATCH(B8&C8,'Eingabe Meldungen'!$C$2:$C$492&'Eingabe Meldungen'!$D$2:$D$492,0),8),"")} -> Marbacher Ruderverein | O8: =IF(EXACT($H8,O$4),$I8,"") | P8: =IF(EXACT($H8,P$4),$I8,"") | Q8: =IF(EXACT($H8,Q$4),$I8,"") | R8: =IF(EXACT($H8,R$4),$I8,"") | S8: =IF(EXACT($H8,S$4),$I8,"") | T8: =IF(EXACT($H8,T$4),$I8,"") | U8: =IF(EXACT($H8,U$4),$I8,"") | V8: =IF(EXACT($H8,V$4),$I8,"") | ... AD8: =IF(EXACT($H8,AD$4),$I8,"") | AG8: =IF(EXACT($H8,AG$4),$I8,"") | AH8: =IF(EXACT($H8,AH$4),$I8,"") | AI8: =IF(EXACT($H8,AI$4),$I8,"")
B9: {=IF(ISERROR(INDEX('Eingabe Meldungen'!$C$2:$C$492,LARGE(('Eingabe Meldungen'!$A$2:$A$492=$B$5)*(ROW('Eingabe Meldungen'!$A$2:$A$492)-1),COUNTIF('Eingabe Meldungen'!$A$2:$A$492,$B$5)+1-ROW('Eingabe Meldungen'!A3)))),"",INDEX('Eingabe Meldungen'!$C$2:$C$492,LARGE(('Eingabe Meldungen'!$A$2:$A$492=$B$5)*(ROW('Eingabe Meldungen'!$A$2:$A$492)-1),COUNTIF('Eingabe Meldungen'!$A$2:$A$492,$B$5)+1-ROW('Eingabe Meldungen'!A3))))} -> Young | C9: {=IF(ISERROR(INDEX('Eingabe Meldungen'!$D$2:$D$492,LARGE(('Eingabe Meldungen'!$A$2:$A$492=$B$5)*(ROW('Eingabe Meldungen'!$A$2:$A$492)-1),COUNTIF('Eingabe Meldungen'!$A$2:$A$492,$B$5)+1-ROW('Eingabe Meldungen'!A3)))),"",INDEX('Eingabe Meldungen'!$D$2:$D$492,LARGE(('Eingabe Meldungen'!$A$2:$A$492=$B$5)*(ROW('Eingabe Meldungen'!$A$2:$A$492)-1),COUNTIF('Eingabe Meldungen'!$A$2:$A$492,$B$5)+1-ROW('Eingabe Meldungen'!A3))))} -> Susan | D9: {=IF(B9<>"",INDEX('Eingabe Meldungen'!$C$2:$H$492,MATCH(B9&C9,'Eingabe Meldungen'!$C$2:$C$492&'Eingabe Meldungen'!$D$2:$D$492,0),6),"")} -> 1965 | E9: {=IF(B9<>"",INDEX('Eingabe Meldungen'!$C$2:$H$492,MATCH(B9&C9,'Eingabe Meldungen'!$C$2:$C$492&'Eingabe Meldungen'!$D$2:$D$492,0),4),"")} -> D | F9: =IF(VLOOKUP(B9,Rennlisten!$B$6:$H$18,6,FALSE)=0,"",VLOOKUP(B9,Rennlisten!$B$6:$H$18,6,FALSE)) | G9: =RANK(F9,$F$7:$F$22,1) -> #VALUE! | H9: {=IF(B9<>"",INDEX('Eingabe Meldungen'!$C$2:$J$492,MATCH(B9&C9,'Eingabe Meldungen'!$C$2:$C$492&'Eingabe Meldungen'!$D$2:$D$492,0),8),"")} -> Sub7 IRC | O9: =IF(EXACT($H9,O$4),$I9,"") | P9: =IF(EXACT($H9,P$4),$I9,"") | Q9: =IF(EXACT($H9,Q$4),$I9,"") | R9: =IF(EXACT($H9,R$4),$I9,"") | S9: =IF(EXACT($H9,S$4),$I9,"") | T9: =IF(EXACT($H9,T$4),$I9,"") | U9: =IF(EXACT($H9,U$4),$I9,"") | V9: =IF(EXACT($H9,V$4),$I9,"") | ... AD9: =IF(EXACT($H9,AD$4),$I9,"") | AG9: =IF(EXACT($H9,AG$4),$I9,"") | AH9: =IF(EXACT($H9,AH$4),$I9,"") | AI9: =IF(EXACT($H9,AI$4),$I9,"")
B10: {=IF(ISERROR(INDEX('Eingabe Meldungen'!$C$2:$C$492,LARGE(('Eingabe Meldungen'!$A$2:$A$492=$B$5)*(ROW('Eingabe Meldungen'!$A$2:$A$492)-1),COUNTIF('Eingabe Meldungen'!$A$2:$A$492,$B$5)+1-ROW('Eingabe Meldungen'!A4)))),"",INDEX('Eingabe Meldungen'!$C$2:$C$492,LARGE(('Eingabe Meldungen'!$A$2:$A$492=$B$5)*(ROW('Eingabe Meldungen'!$A$2:$A$492)-1),COUNTIF('Eingabe Meldungen'!$A$2:$A$492,$B$5)+1-ROW('Eingabe Meldungen'!A4))))} -> Breitenbücher | C10: {=IF(ISERROR(INDEX('Eingabe Meldungen'!$D$2:$D$492,LARGE(('Eingabe Meldungen'!$A$2:$A$492=$B$5)*(ROW('Eingabe Meldungen'!$A$2:$A$492)-1),COUNTIF('Eingabe Meldungen'!$A$2:$A$492,$B$5)+1-ROW('Eingabe Meldungen'!A4)))),"",INDEX('Eingabe Meldungen'!$D$2:$D$492,LARGE(('Eingabe Meldungen'!$A$2:$A$492=$B$5)*(ROW('Eingabe Meldungen'!$A$2:$A$492)-1),COUNTIF('Eingabe Meldungen'!$A$2:$A$492,$B$5)+1-ROW('Eingabe Meldungen'!A4))))} -> Heike | D10: {=IF(B10<>"",INDEX('Eingabe Meldungen'!$C$2:$H$492,MATCH(B10&C10,'Eingabe Meldungen'!$C$2:$C$492&'Eingabe Meldungen'!$D$2:$D$492,0),6),"")} -> 1967 | E10: {=IF(B10<>"",INDEX('Eingabe Meldungen'!$C$2:$H$492,MATCH(B10&C10,'Eingabe Meldungen'!$C$2:$C$492&'Eingabe Meldungen'!$D$2:$D$492,0),4),"")} -> D | F10: =IF(VLOOKUP(B10,Rennlisten!$B$6:$H$18,6,FALSE)=0,"",VLOOKUP(B10,Rennlisten!$B$6:$H$18,6,FALSE)) | G10: =RANK(F10,$F$7:$F$22,1) -> #VALUE! | H10: {=IF(B10<>"",INDEX('Eingabe Meldungen'!$C$2:$J$492,MATCH(B10&C10,'Eingabe Meldungen'!$C$2:$C$492&'Eingabe Meldungen'!$D$2:$D$492,0),8),"")} -> Marbacher Ruderverein | O10: =IF(EXACT($H10,O$4),$I10,"") | P10: =IF(EXACT($H10,P$4),$I10,"") | Q10: =IF(EXACT($H10,Q$4),$I10,"") | R10: =IF(EXACT($H10,R$4),$I10,"") | S10: =IF(EXACT($H10,S$4),$I10,"") | T10: =IF(EXACT($H10,T$4),$I10,"") | U10: =IF(EXACT($H10,U$4),$I10,"") | V10: =IF(EXACT($H10,V$4),$I10,"") | ... AD10: =IF(EXACT($H10,AD$4),$I10,"") | AG10: =IF(EXACT($H10,AG$4),$I10,"") | AH10: =IF(EXACT($H10,AH$4),$I10,"") | AI10: =IF(EXACT($H10,AI$4),$I10,"")
B11: {=IF(ISERROR(INDEX('Eingabe Meldungen'!$C$2:$C$492,LARGE(('Eingabe Meldungen'!$A$2:$A$492=$B$5)*(ROW('Eingabe Meldungen'!$A$2:$A$492)-1),COUNTIF('Eingabe Meldungen'!$A$2:$A$492,$B$5)+1-ROW('Eingabe Meldungen'!A5)))),"",INDEX('Eingabe Meldungen'!$C$2:$C$492,LARGE(('Eingabe Meldungen'!$A$2:$A$492=$B$5)*(ROW('Eingabe Meldungen'!$A$2:$A$492)-1),COUNTIF('Eingabe Meldungen'!$A$2:$A$492,$B$5)+1-ROW('Eingabe Meldungen'!A5))))} -> Schmidt | C11: {=IF(ISERROR(INDEX('Eingabe Meldungen'!$D$2:$D$492,LARGE(('Eingabe Meldungen'!$A$2:$A$492=$B$5)*(ROW('Eingabe Meldungen'!$A$2:$A$492)-1),COUNTIF('Eingabe Meldungen'!$A$2:$A$492,$B$5)+1-ROW('Eingabe Meldungen'!A5)))),"",INDEX('Eingabe Meldungen'!$D$2:$D$492,LARGE(('Eingabe Meldungen'!$A$2:$A$492=$B$5)*(ROW('Eingabe Meldungen'!$A$2:$A$492)-1),COUNTIF('Eingabe Meldungen'!$A$2:$A$492,$B$5)+1-ROW('Eingabe Meldungen'!A5))))} -> Uta | D11: {=IF(B11<>"",INDEX('Eingabe Meldungen'!$C$2:$H$492,MATCH(B11&C11,'Eingabe Meldungen'!$C$2:$C$492&'Eingabe Meldungen'!$D$2:$D$492,0),6),"")} -> 1972 | E11: {=IF(B11<>"",INDEX('Eingabe Meldungen'!$C$2:$H$492,MATCH(B11&C11,'Eingabe Meldungen'!$C$2:$C$492&'Eingabe Meldungen'!$D$2:$D$492,0),4),"")} -> C | F11: =IF(VLOOKUP(B11,Rennlisten!$B$6:$H$18,6,FALSE)=0,"",VLOOKUP(B11,Rennlisten!$B$6:$H$18,6,FALSE)) | G11: =RANK(F11,$F$7:$F$22,1) -> #VALUE! | H11: {=IF(B11<>"",INDEX('Eingabe Meldungen'!$C$2:$J$492,MATCH(B11&C11,'Eingabe Meldungen'!$C$2:$C$492&'Eingabe Meldungen'!$D$2:$D$492,0),8),"")} -> Marbacher Ruderverein | O11: =IF(EXACT($H11,O$4),$I11,"") | P11: =IF(EXACT($H11,P$4),$I11,"") | Q11: =IF(EXACT($H11,Q$4),$I11,"") | R11: =IF(EXACT($H11,R$4),$I11,"") | S11: =IF(EXACT($H11,S$4),$I11,"") | T11: =IF(EXACT($H11,T$4),$I11,"") | U11: =IF(EXACT($H11,U$4),$I11,"") | V11: =IF(EXACT($H11,V$4),$I11,"") | ... AD11: =IF(EXACT($H11,AD$4),$I11,"") | AG11: =IF(EXACT($H11,AG$4),$I11,"") | AH11: =IF(EXACT($H11,AH$4),$I11,"") | AI11: =IF(EXACT($H11,AI$4),$I11,"")
B12: {=IF(ISERROR(INDEX('Eingabe Meldungen'!$C$2:$C$492,LARGE(('Eingabe Meldungen'!$A$2:$A$492=$B$5)*(ROW('Eingabe Meldungen'!$A$2:$A$492)-1),COUNTIF('Eingabe Meldungen'!$A$2:$A$492,$B$5)+1-ROW('Eingabe Meldungen'!A6)))),"",INDEX('Eingabe Meldungen'!$C$2:$C$492,LARGE(('Eingabe Meldungen'!$A$2:$A$492=$B$5)*(ROW('Eingabe Meldungen'!$A$2:$A$492)-1),COUNTIF('Eingabe Meldungen'!$A$2:$A$492,$B$5)+1-ROW('Eingabe Meldungen'!A6))))} -> Vogt | C12: {=IF(ISERROR(INDEX('Eingabe Meldungen'!$D$2:$D$492,LARGE(('Eingabe Meldungen'!$A$2:$A$492=$B$5)*(ROW('Eingabe Meldungen'!$A$2:$A$492)-1),COUNTIF('Eingabe Meldungen'!$A$2:$A$492,$B$5)+1-ROW('Eingabe Meldungen'!A6)))),"",INDEX('Eingabe Meldungen'!$D$2:$D$492,LARGE(('Eingabe Meldungen'!$A$2:$A$492=$B$5)*(ROW('Eingabe Meldungen'!$A$2:$A$492)-1),COUNTIF('Eingabe Meldungen'!$A$2:$A$492,$B$5)+1-ROW('Eingabe Meldungen'!A6))))} -> Antje | D12: {=IF(B12<>"",INDEX('Eingabe Meldungen'!$C$2:$H$492,MATCH(B12&C12,'Eingabe Meldungen'!$C$2:$C$492&'Eingabe Meldungen'!$D$2:$D$492,0),6),"")} -> 1975 | E12: {=IF(B12<>"",INDEX('Eingabe Meldungen'!$C$2:$H$492,MATCH(B12&C12,'Eingabe Meldungen'!$C$2:$C$492&'Eingabe Meldungen'!$D$2:$D$492,0),4),"")} -> C | F12: =IF(VLOOKUP(B12,Rennlisten!$B$6:$H$18,6,FALSE)=0,"",VLOOKUP(B12,Rennlisten!$B$6:$H$18,6,FALSE)) | G12: =RANK(F12,$F$7:$F$22,1) -> #VALUE! | H12: {=IF(B12<>"",INDEX('Eingabe Meldungen'!$C$2:$J$492,MATCH(B12&C12,'Eingabe Meldungen'!$C$2:$C$492&'Eingabe Meldungen'!$D$2:$D$492,0),8),"")} -> HRG Schwaben | O12: =IF(EXACT($H12,O$4),$I12,"") | P12: =IF(EXACT($H12,P$4),$I12,"") | Q12: =IF(EXACT($H12,Q$4),$I12,"") -> 0 | R12: =IF(EXACT($H12,R$4),$I12,"") | S12: =IF(EXACT($H12,S$4),$I12,"") | T12: =IF(EXACT($H12,T$4),$I12,"") | U12: =IF(EXACT($H12,U$4),$I12,"") | V12: =IF(EXACT($H12,V$4),$I12,"") | ... AD12: =IF(EXACT($H12,AD$4),$I12,"") | AG12: =IF(EXACT($H12,AG$4),$I12,"") | AH12: =IF(EXACT($H12,AH$4),$I12,"") | AI12: =IF(EXACT($H12,AI$4),$I12,"")
B13: {=IF(ISERROR(INDEX('Eingabe Meldungen'!$C$2:$C$492,LARGE(('Eingabe Meldungen'!$A$2:$A$492=$B$5)*(ROW('Eingabe Meldungen'!$A$2:$A$492)-1),COUNTIF('Eingabe Meldungen'!$A$2:$A$492,$B$5)+1-ROW('Eingabe Meldungen'!A8)))),"",INDEX('Eingabe Meldungen'!$C$2:$C$492,LARGE(('Eingabe Meldungen'!$A$2:$A$492=$B$5)*(ROW('Eingabe Meldungen'!$A$2:$A$492)-1),COUNTIF('Eingabe Meldungen'!$A$2:$A$492,$B$5)+1-ROW('Eingabe Meldungen'!A8))))} -> Wöppel | C13: {=IF(ISERROR(INDEX('Eingabe Meldungen'!$D$2:$D$492,LARGE(('Eingabe Meldungen'!$A$2:$A$492=$B$5)*(ROW('Eingabe Meldungen'!$A$2:$A$492)-1),COUNTIF('Eingabe Meldungen'!$A$2:$A$492,$B$5)+1-ROW('Eingabe Meldungen'!A8)))),"",INDEX('Eingabe Meldungen'!$D$2:$D$492,LARGE(('Eingabe Meldungen'!$A$2:$A$492=$B$5)*(ROW('Eingabe Meldungen'!$A$2:$A$492)-1),COUNTIF('Eingabe Meldungen'!$A$2:$A$492,$B$5)+1-ROW('Eingabe Meldungen'!A8))))} -> Stefanie | D13: {=IF(B13<>"",INDEX('Eingabe Meldungen'!$C$2:$H$492,MATCH(B13&C13,'Eingabe Meldungen'!$C$2:$C$492&'Eingabe Meldungen'!$D$2:$D$492,0),6),"")} -> 1971 | E13: {=IF(B13<>"",INDEX('Eingabe Meldungen'!$C$2:$H$492,MATCH(B13&C13,'Eingabe Meldungen'!$C$2:$C$492&'Eingabe Meldungen'!$D$2:$D$492,0),4),"")} -> C | F13: =IF(VLOOKUP(B13,Rennlisten!$B$6:$H$18,6,FALSE)=0,"",VLOOKUP(B13,Rennlisten!$B$6:$H$18,6,FALSE)) | G13: =RANK(F13,$F$7:$F$22,1) -> #VALUE! | H13: {=IF(B13<>"",INDEX('Eingabe Meldungen'!$C$2:$J$492,MATCH(B13&C13,'Eingabe Meldungen'!$C$2:$C$492&'Eingabe Meldungen'!$D$2:$D$492,0),8),"")} -> WSV Schifferclub Neckarrems | O13: =IF(EXACT($H13,O$4),$I13,"") | P13: =IF(EXACT($H13,P$4),$I13,"") | Q13: =IF(EXACT($H13,Q$4),$I13,"") | R13: =IF(EXACT($H13,R$4),$I13,"") | S13: =IF(EXACT($H13,S$4),$I13,"") | T13: =IF(EXACT($H13,T$4),$I13,"") | U13: =IF(EXACT($H13,U$4),$I13,"") | V13: =IF(EXACT($H13,V$4),$I13,"") | ... AD13: =IF(EXACT($H13,AD$4),$I13,"") | AG13: =IF(EXACT($H13,AG$4),$I13,"") | AH13: =IF(EXACT($H13,AH$4),$I13,"") | AI13: =IF(EXACT($H13,AI$4),$I13,"")
B14: {=IF(ISERROR(INDEX('Eingabe Meldungen'!$C$2:$C$492,LARGE(('Eingabe Meldungen'!$A$2:$A$492=$B$5)*(ROW('Eingabe Meldungen'!$A$2:$A$492)-1),COUNTIF('Eingabe Meldungen'!$A$2:$A$492,$B$5)+1-ROW('Eingabe Meldungen'!A9)))),"",INDEX('Eingabe Meldungen'!$C$2:$C$492,LARGE(('Eingabe Meldungen'!$A$2:$A$492=$B$5)*(ROW('Eingabe Meldungen'!$A$2:$A$492)-1),COUNTIF('Eingabe Meldungen'!$A$2:$A$492,$B$5)+1-ROW('Eingabe Meldungen'!A9))))} | C14: {=IF(ISERROR(INDEX('Eingabe Meldungen'!$D$2:$D$492,LARGE(('Eingabe Meldungen'!$A$2:$A$492=$B$5)*(ROW('Eingabe Meldungen'!$A$2:$A$492)-1),COUNTIF('Eingabe Meldungen'!$A$2:$A$492,$B$5)+1-ROW('Eingabe Meldungen'!A9)))),"",INDEX('Eingabe Meldungen'!$D$2:$D$492,LARGE(('Eingabe Meldungen'!$A$2:$A$492=$B$5)*(ROW('Eingabe Meldungen'!$A$2:$A$492)-1),COUNTIF('Eingabe Meldungen'!$A$2:$A$492,$B$5)+1-ROW('Eingabe Meldungen'!A9))))} | D14: {=IF(B14<>"",INDEX('Eingabe Meldungen'!$C$2:$H$492,MATCH(B14&C14,'Eingabe Meldungen'!$C$2:$C$492&'Eingabe Meldungen'!$D$2:$D$492,0),6),"")} | E14: {=IF(B14<>"",INDEX('Eingabe Meldungen'!$C$2:$H$492,MATCH(B14&C14,'Eingabe Meldungen'!$C$2:$C$492&'Eingabe Meldungen'!$D$2:$D$492,0),4),"")} | F14: =IF(VLOOKUP(B14,Rennlisten!$B$6:$H$18,6,FALSE)=0,"",VLOOKUP(B14,Rennlisten!$B$6:$H$18,6,FALSE)) | G14: =RANK(F14,$F$7:$F$22,1) -> #VALUE! | H14: {=IF(B14<>"",INDEX('Eingabe Meldungen'!$C$2:$J$492,MATCH(B14&C14,'Eingabe Meldungen'!$C$2:$C$492&'Eingabe Meldungen'!$D$2:$D$492,0),8),"")} | O14: =IF(EXACT($H14,O$4),$I14,"") | P14: =IF(EXACT($H14,P$4),$I14,"") | Q14: =IF(EXACT($H14,Q$4),$I14,"") | R14: =IF(EXACT($H14,R$4),$I14,"") | S14: =IF(EXACT($H14,S$4),$I14,"") | T14: =IF(EXACT($H14,T$4),$I14,"") | U14: =IF(EXACT($H14,U$4),$I14,"") | V14: =IF(EXACT($H14,V$4),$I14,"") | ... AD14: =IF(EXACT($H14,AD$4),$I14,"") -> 0 | AG14: =IF(EXACT($H14,AG$4),$I14,"") -> 0 | AH14: =IF(EXACT($H14,AH$4),$I14,"") -> 0 | AI14: =IF(EXACT($H14,AI$4),$I14,"") -> 0
B15: {=IF(ISERROR(INDEX('Eingabe Meldungen'!$C$2:$C$492,LARGE(('Eingabe Meldungen'!$A$2:$A$492=$B$5)*(ROW('Eingabe Meldungen'!$A$2:$A$492)-1),COUNTIF('Eingabe Meldungen'!$A$2:$A$492,$B$5)+1-ROW('Eingabe Meldungen'!A10)))),"",INDEX('Eingabe Meldungen'!$C$2:$C$492,LARGE(('Eingabe Meldungen'!$A$2:$A$492=$B$5)*(ROW('Eingabe Meldungen'!$A$2:$A$492)-1),COUNTIF('Eingabe Meldungen'!$A$2:$A$492,$B$5)+1-ROW('Eingabe Meldungen'!A10))))} | C15: {=IF(ISERROR(INDEX('Eingabe Meldungen'!$D$2:$D$492,LARGE(('Eingabe Meldungen'!$A$2:$A$492=$B$5)*(ROW('Eingabe Meldungen'!$A$2:$A$492)-1),COUNTIF('Eingabe Meldungen'!$A$2:$A$492,$B$5)+1-ROW('Eingabe Meldungen'!A10)))),"",INDEX('Eingabe Meldungen'!$D$2:$D$492,LARGE(('Eingabe Meldungen'!$A$2:$A$492=$B$5)*(ROW('Eingabe Meldungen'!$A$2:$A$492)-1),COUNTIF('Eingabe Meldungen'!$A$2:$A$492,$B$5)+1-ROW('Eingabe Meldungen'!A10))))} | D15: {=IF(B15<>"",INDEX('Eingabe Meldungen'!$C$2:$H$492,MATCH(B15&C15,'Eingabe Meldungen'!$C$2:$C$492&'Eingabe Meldungen'!$D$2:$D$492,0),6),"")} | E15: {=IF(B15<>"",INDEX('Eingabe Meldungen'!$C$2:$H$492,MATCH(B15&C15,'Eingabe Meldungen'!$C$2:$C$492&'Eingabe Meldungen'!$D$2:$D$492,0),4),"")} | F15: =IF(VLOOKUP(B15,Rennlisten!$B$6:$H$18,6,FALSE)=0,"",VLOOKUP(B15,Rennlisten!$B$6:$H$18,6,FALSE)) | G15: =RANK(F15,$F$7:$F$22,1) -> #VALUE! | H15: {=IF(B15<>"",INDEX('Eingabe Meldungen'!$C$2:$J$492,MATCH(B15&C15,'Eingabe Meldungen'!$C$2:$C$492&'Eingabe Meldungen'!$D$2:$D$492,0),8),"")} | J15: =IF(EXACT($H15,J$4),$I15,"") | K15: =IF(EXACT($H15,K$4),$I15,"") | L15: =IF(EXACT($H15,#REF!),$I15,"") -> #REF! | M15: =IF(EXACT($H15,L$4),$I15,"") | N15: =IF(EXACT($H15,N$4),$I15,"") | O15: =IF(EXACT($H15,O$4),$I15,"") | P15: =IF(EXACT($H15,P$4),$I15,"") | Q15: =IF(EXACT($H15,Q$4),$I15,"") | R15: =IF(EXACT($H15,R$4),$I15,"") | S15: =IF(EXACT($H15,S$4),$I15,"") | T15: =IF(EXACT($H15,T$4),$I15,"") | U15: =IF(EXACT($H15,U$4),$I15,"") | ... AD15: =IF(EXACT($H15,AD$4),$I15,"") -> 0 | AG15: =IF(EXACT($H15,AG$4),$I15,"") -> 0 | AH15: =IF(EXACT($H15,AH$4),$I15,"") -> 0 | AI15: =IF(EXACT($H15,AI$4),$I15,"") -> 0
B16: {=IF(ISERROR(INDEX('Eingabe Meldungen'!$C$2:$C$492,LARGE(('Eingabe Meldungen'!$A$2:$A$492=$B$5)*(ROW('Eingabe Meldungen'!$A$2:$A$492)-1),COUNTIF('Eingabe Meldungen'!$A$2:$A$492,$B$5)+1-ROW('Eingabe Meldungen'!A11)))),"",INDEX('Eingabe Meldungen'!$C$2:$C$492,LARGE(('Eingabe Meldungen'!$A$2:$A$492=$B$5)*(ROW('Eingabe Meldungen'!$A$2:$A$492)-1),COUNTIF('Eingabe Meldungen'!$A$2:$A$492,$B$5)+1-ROW('Eingabe Meldungen'!A11))))} | C16: {=IF(ISERROR(INDEX('Eingabe Meldungen'!$D$2:$D$492,LARGE(('Eingabe Meldungen'!$A$2:$A$492=$B$5)*(ROW('Eingabe Meldungen'!$A$2:$A$492)-1),COUNTIF('Eingabe Meldungen'!$A$2:$A$492,$B$5)+1-ROW('Eingabe Meldungen'!A11)))),"",INDEX('Eingabe Meldungen'!$D$2:$D$492,LARGE(('Eingabe Meldungen'!$A$2:$A$492=$B$5)*(ROW('Eingabe Meldungen'!$A$2:$A$492)-1),COUNTIF('Eingabe Meldungen'!$A$2:$A$492,$B$5)+1-ROW('Eingabe Meldungen'!A11))))} | D16: {=IF(B16<>"",INDEX('Eingabe Meldungen'!$C$2:$H$492,MATCH(B16&C16,'Eingabe Meldungen'!$C$2:$C$492&'Eingabe Meldungen'!$D$2:$D$492,0),6),"")} | E16: {=IF(B16<>"",INDEX('Eingabe Meldungen'!$C$2:$H$492,MATCH(B16&C16,'Eingabe Meldungen'!$C$2:$C$492&'Eingabe Meldungen'!$D$2:$D$492,0),4),"")} | F16: =IF(VLOOKUP(B16,Rennlisten!$B$6:$H$18,6,FALSE)=0,"",VLOOKUP(B16,Rennlisten!$B$6:$H$18,6,FALSE)) | G16: =RANK(F16,$F$7:$F$22,1) -> #VALUE! | H16: {=IF(B16<>"",INDEX('Eingabe Meldungen'!$C$2:$J$492,MATCH(B16&C16,'Eingabe Meldungen'!$C$2:$C$492&'Eingabe Meldungen'!$D$2:$D$492,0),8),"")} | J16: =IF(EXACT($H16,J$4),$I16,"") | K16: =IF(EXACT($H16,K$4),$I16,"") | L16: =IF(EXACT($H16,#REF!),$I16,"") -> #REF! | M16: =IF(EXACT($H16,L$4),$I16,"") | N16: =IF(EXACT($H16,N$4),$I16,"") | O16: =IF(EXACT($H16,O$4),$I16,"") | P16: =IF(EXACT($H16,P$4),$I16,"") | Q16: =IF(EXACT($H16,Q$4),$I16,"") | R16: =IF(EXACT($H16,R$4),$I16,"") | S16: =IF(EXACT($H16,S$4),$I16,"") | T16: =IF(EXACT($H16,T$4),$I16,"") | U16: =IF(EXACT($H16,U$4),$I16,"") | ... AD16: =IF(EXACT($H16,AD$4),$I16,"") -> 0 | AG16: =IF(EXACT($H16,AG$4),$I16,"") -> 0 | AH16: =IF(EXACT($H16,AH$4),$I16,"") -> 0 | AI16: =IF(EXACT($H16,AI$4),$I16,"") -> 0
B17: {=IF(ISERROR(INDEX('Eingabe Meldungen'!$C$2:$C$492,LARGE(('Eingabe Meldungen'!$A$2:$A$492=$B$5)*(ROW('Eingabe Meldungen'!$A$2:$A$492)-1),COUNTIF('Eingabe Meldungen'!$A$2:$A$492,$B$5)+1-ROW('Eingabe Meldungen'!A12)))),"",INDEX('Eingabe Meldungen'!$C$2:$C$492,LARGE(('Eingabe Meldungen'!$A$2:$A$492=$B$5)*(ROW('Eingabe Meldungen'!$A$2:$A$492)-1),COUNTIF('Eingabe Meldungen'!$A$2:$A$492,$B$5)+1-ROW('Eingabe Meldungen'!A12))))} | C17: {=IF(ISERROR(INDEX('Eingabe Meldungen'!$D$2:$D$492,LARGE(('Eingabe Meldungen'!$A$2:$A$492=$B$5)*(ROW('Eingabe Meldungen'!$A$2:$A$492)-1),COUNTIF('Eingabe Meldungen'!$A$2:$A$492,$B$5)+1-ROW('Eingabe Meldungen'!A12)))),"",INDEX('Eingabe Meldungen'!$D$2:$D$492,LARGE(('Eingabe Meldungen'!$A$2:$A$492=$B$5)*(ROW('Eingabe Meldungen'!$A$2:$A$492)-1),COUNTIF('Eingabe Meldungen'!$A$2:$A$492,$B$5)+1-ROW('Eingabe Meldungen'!A12))))} | D17: {=IF(B17<>"",INDEX('Eingabe Meldungen'!$C$2:$H$492,MATCH(B17&C17,'Eingabe Meldungen'!$C$2:$C$492&'Eingabe Meldungen'!$D$2:$D$492,0),6),"")} | E17: {=IF(B17<>"",INDEX('Eingabe Meldungen'!$C$2:$H$492,MATCH(B17&C17,'Eingabe Meldungen'!$C$2:$C$492&'Eingabe Meldungen'!$D$2:$D$492,0),4),"")} | F17: =IF(VLOOKUP(B17,Rennlisten!$B$6:$H$18,6,FALSE)=0,"",VLOOKUP(B17,Rennlisten!$B$6:$H$18,6,FALSE)) | G17: =RANK(F17,$F$7:$F$22,1) -> #VALUE! | H17: {=IF(B17<>"",INDEX('Eingabe Meldungen'!$C$2:$J$492,MATCH(B17&C17,'Eingabe Meldungen'!$C$2:$C$492&'Eingabe Meldungen'!$D$2:$D$492,0),8),"")} | J17: =IF(EXACT($H17,J$4),$I17,"") | K17: =IF(EXACT($H17,K$4),$I17,"") | L17: =IF(EXACT($H17,#REF!),$I17,"") -> #REF! | M17: =IF(EXACT($H17,L$4),$I17,"") | N17: =IF(EXACT($H17,N$4),$I17,"") | O17: =IF(EXACT($H17,O$4),$I17,"") | P17: =IF(EXACT($H17,P$4),$I17,"") | Q17: =IF(EXACT($H17,Q$4),$I17,"") | R17: =IF(EXACT($H17,R$4),$I17,"") | S17: =IF(EXACT($H17,S$4),$I17,"") | T17: =IF(EXACT($H17,T$4),$I17,"") | U17: =IF(EXACT($H17,U$4),$I17,"") | ... AD17: =IF(EXACT($H17,AD$4),$I17,"") -> 0 | AG17: =IF(EXACT($H17,AG$4),$I17,"") -> 0 | AH17: =IF(EXACT($H17,AH$4),$I17,"") -> 0 | AI17: =IF(EXACT($H17,AI$4),$I17,"") -> 0
B18: {=IF(ISERROR(INDEX('Eingabe Meldungen'!$C$2:$C$492,LARGE(('Eingabe Meldungen'!$A$2:$A$492=$B$5)*(ROW('Eingabe Meldungen'!$A$2:$A$492)-1),COUNTIF('Eingabe Meldungen'!$A$2:$A$492,$B$5)+1-ROW('Eingabe Meldungen'!A13)))),"",INDEX('Eingabe Meldungen'!$C$2:$C$492,LARGE(('Eingabe Meldungen'!$A$2:$A$492=$B$5)*(ROW('Eingabe Meldungen'!$A$2:$A$492)-1),COUNTIF('Eingabe Meldungen'!$A$2:$A$492,$B$5)+1-ROW('Eingabe Meldungen'!A13))))} | C18: {=IF(ISERROR(INDEX('Eingabe Meldungen'!$D$2:$D$492,LARGE(('Eingabe Meldungen'!$A$2:$A$492=$B$5)*(ROW('Eingabe Meldungen'!$A$2:$A$492)-1),COUNTIF('Eingabe Meldungen'!$A$2:$A$492,$B$5)+1-ROW('Eingabe Meldungen'!A13)))),"",INDEX('Eingabe Meldungen'!$D$2:$D$492,LARGE(('Eingabe Meldungen'!$A$2:$A$492=$B$5)*(ROW('Eingabe Meldungen'!$A$2:$A$492)-1),COUNTIF('Eingabe Meldungen'!$A$2:$A$492,$B$5)+1-ROW('Eingabe Meldungen'!A13))))} | D18: {=IF(B18<>"",INDEX('Eingabe Meldungen'!$C$2:$H$492,MATCH(B18&C18,'Eingabe Meldungen'!$C$2:$C$492&'Eingabe Meldungen'!$D$2:$D$492,0),6),"")} | E18: {=IF(B18<>"",INDEX('Eingabe Meldungen'!$C$2:$H$492,MATCH(B18&C18,'Eingabe Meldungen'!$C$2:$C$492&'Eingabe Meldungen'!$D$2:$D$492,0),4),"")} | F18: =IF(VLOOKUP(B18,Rennlisten!$B$6:$H$18,6,FALSE)=0,"",VLOOKUP(B18,Rennlisten!$B$6:$H$18,6,FALSE)) | G18: =RANK(F18,$F$7:$F$22,1) -> #VALUE! | H18: {=IF(B18<>"",INDEX('Eingabe Meldungen'!$C$2:$J$492,MATCH(B18&C18,'Eingabe Meldungen'!$C$2:$C$492&'Eingabe Meldungen'!$D$2:$D$492,0),8),"")} | J18: =IF(EXACT($H18,J$4),$I18,"") | K18: =IF(EXACT($H18,K$4),$I18,"") | L18: =IF(EXACT($H18,#REF!),$I18,"") -> #REF! | M18: =IF(EXACT($H18,L$4),$I18,"") | N18: =IF(EXACT($H18,N$4),$I18,"") | O18: =IF(EXACT($H18,O$4),$I18,"") | P18: =IF(EXACT($H18,P$4),$I18,"") | Q18: =IF(EXACT($H18,Q$4),$I18,"") | R18: =IF(EXACT($H18,R$4),$I18,"") | S18: =IF(EXACT($H18,S$4),$I18,"") | T18: =IF(EXACT($H18,T$4),$I18,"") | U18: =IF(EXACT($H18,U$4),$I18,"") | ... AD18: =IF(EXACT($H18,AD$4),$I18,"") -> 0 | AG18: =IF(EXACT($H18,AG$4),$I18,"") -> 0 | AH18: =IF(EXACT($H18,AH$4),$I18,"") -> 0 | AI18: =IF(EXACT($H18,AI$4),$I18,"") -> 0
B19: {=IF(ISERROR(INDEX('Eingabe Meldungen'!$C$2:$C$492,LARGE(('Eingabe Meldungen'!$A$2:$A$492=$B$5)*(ROW('Eingabe Meldungen'!$A$2:$A$492)-1),COUNTIF('Eingabe Meldungen'!$A$2:$A$492,$B$5)+1-ROW('Eingabe Meldungen'!A14)))),"",INDEX('Eingabe Meldungen'!$C$2:$C$492,LARGE(('Eingabe Meldungen'!$A$2:$A$492=$B$5)*(ROW('Eingabe Meldungen'!$A$2:$A$492)-1),COUNTIF('Eingabe Meldungen'!$A$2:$A$492,$B$5)+1-ROW('Eingabe Meldungen'!A14))))} | C19: {=IF(ISERROR(INDEX('Eingabe Meldungen'!$D$2:$D$492,LARGE(('Eingabe Meldungen'!$A$2:$A$492=$B$5)*(ROW('Eingabe Meldungen'!$A$2:$A$492)-1),COUNTIF('Eingabe Meldungen'!$A$2:$A$492,$B$5)+1-ROW('Eingabe Meldungen'!A14)))),"",INDEX('Eingabe Meldungen'!$D$2:$D$492,LARGE(('Eingabe Meldungen'!$A$2:$A$492=$B$5)*(ROW('Eingabe Meldungen'!$A$2:$A$492)-1),COUNTIF('Eingabe Meldungen'!$A$2:$A$492,$B$5)+1-ROW('Eingabe Meldungen'!A14))))} | D19: {=IF(B19<>"",INDEX('Eingabe Meldungen'!$C$2:$H$492,MATCH(B19&C19,'Eingabe Meldungen'!$C$2:$C$492&'Eingabe Meldungen'!$D$2:$D$492,0),6),"")} | E19: {=IF(B19<>"",INDEX('Eingabe Meldungen'!$C$2:$H$492,MATCH(B19&C19,'Eingabe Meldungen'!$C$2:$C$492&'Eingabe Meldungen'!$D$2:$D$492,0),4),"")} | F19: =IF(VLOOKUP(B19,Rennlisten!$B$6:$H$18,6,FALSE)=0,"",VLOOKUP(B19,Rennlisten!$B$6:$H$18,6,FALSE)) | G19: =RANK(F19,$F$7:$F$22,1) -> #VALUE! | H19: {=IF(B19<>"",INDEX('Eingabe Meldungen'!$C$2:$J$492,MATCH(B19&C19,'Eingabe Meldungen'!$C$2:$C$492&'Eingabe Meldungen'!$D$2:$D$492,0),8),"")} | J19: =IF(EXACT($H19,J$4),$I19,"") | K19: =IF(EXACT($H19,K$4),$I19,"") | L19: =IF(EXACT($H19,#REF!),$I19,"") -> #REF! | M19: =IF(EXACT($H19,L$4),$I19,"") | N19: =IF(EXACT($H19,N$4),$I19,"") | O19: =IF(EXACT($H19,O$4),$I19,"") | P19: =IF(EXACT($H19,P$4),$I19,"") | Q19: =IF(EXACT($H19,Q$4),$I19,"") | R19: =IF(EXACT($H19,R$4),$I19,"") | S19: =IF(EXACT($H19,S$4),$I19,"") | T19: =IF(EXACT($H19,T$4),$I19,"") | U19: =IF(EXACT($H19,U$4),$I19,"") | ... AD19: =IF(EXACT($H19,AD$4),$I19,"") -> 0 | AG19: =IF(EXACT($H19,AG$4),$I19,"") -> 0 | AH19: =IF(EXACT($H19,AH$4),$I19,"") -> 0 | AI19: =IF(EXACT($H19,AI$4),$I19,"") -> 0
B20: {=IF(ISERROR(INDEX('Eingabe Meldungen'!$C$2:$C$492,LARGE(('Eingabe Meldungen'!$A$2:$A$492=$B$5)*(ROW('Eingabe Meldungen'!$A$2:$A$492)-1),COUNTIF('Eingabe Meldungen'!$A$2:$A$492,$B$5)+1-ROW('Eingabe Meldungen'!A15)))),"",INDEX('Eingabe Meldungen'!$C$2:$C$492,LARGE(('Eingabe Meldungen'!$A$2:$A$492=$B$5)*(ROW('Eingabe Meldungen'!$A$2:$A$492)-1),COUNTIF('Eingabe Meldungen'!$A$2:$A$492,$B$5)+1-ROW('Eingabe Meldungen'!A15))))} | C20: {=IF(ISERROR(INDEX('Eingabe Meldungen'!$D$2:$D$492,LARGE(('Eingabe Meldungen'!$A$2:$A$492=$B$5)*(ROW('Eingabe Meldungen'!$A$2:$A$492)-1),COUNTIF('Eingabe Meldungen'!$A$2:$A$492,$B$5)+1-ROW('Eingabe Meldungen'!A15)))),"",INDEX('Eingabe Meldungen'!$D$2:$D$492,LARGE(('Eingabe Meldungen'!$A$2:$A$492=$B$5)*(ROW('Eingabe Meldungen'!$A$2:$A$492)-1),COUNTIF('Eingabe Meldungen'!$A$2:$A$492,$B$5)+1-ROW('Eingabe Meldungen'!A15))))} | D20: {=IF(B20<>"",INDEX('Eingabe Meldungen'!$C$2:$H$492,MATCH(B20&C20,'Eingabe Meldungen'!$C$2:$C$492&'Eingabe Meldungen'!$D$2:$D$492,0),6),"")} | E20: {=IF(B20<>"",INDEX('Eingabe Meldungen'!$C$2:$H$492,MATCH(B20&C20,'Eingabe Meldungen'!$C$2:$C$492&'Eingabe Meldungen'!$D$2:$D$492,0),4),"")} | F20: =IF(VLOOKUP(B20,Rennlisten!$B$6:$H$18,6,FALSE)=0,"",VLOOKUP(B20,Rennlisten!$B$6:$H$18,6,FALSE)) | G20: =RANK(F20,$F$7:$F$22,1) -> #VALUE! | H20: {=IF(B20<>"",INDEX('Eingabe Meldungen'!$C$2:$J$492,MATCH(B20&C20,'Eingabe Meldungen'!$C$2:$C$492&'Eingabe Meldungen'!$D$2:$D$492,0),8),"")} | J20: =IF(EXACT($H20,J$4),$I20,"") | K20: =IF(EXACT($H20,K$4),$I20,"") | L20: =IF(EXACT($H20,#REF!),$I20,"") -> #REF! | M20: =IF(EXACT($H20,L$4),$I20,"") | N20: =IF(EXACT($H20,N$4),$I20,"") | O20: =IF(EXACT($H20,O$4),$I20,"") | P20: =IF(EXACT($H20,P$4),$I20,"") | Q20: =IF(EXACT($H20,Q$4),$I20,"") | R20: =IF(EXACT($H20,R$4),$I20,"") | S20: =IF(EXACT($H20,S$4),$I20,"") | T20: =IF(EXACT($H20,T$4),$I20,"") | U20: =IF(EXACT($H20,U$4),$I20,"") | ... AD20: =IF(EXACT($H20,AD$4),$I20,"") -> 0 | AG20: =IF(EXACT($H20,AG$4),$I20,"") -> 0 | AH20: =IF(EXACT($H20,AH$4),$I20,"") -> 0 | AI20: =IF(EXACT($H20,AI$4),$I20,"") -> 0
B21: {=IF(ISERROR(INDEX('Eingabe Meldungen'!$C$2:$C$492,LARGE(('Eingabe Meldungen'!$A$2:$A$492=$B$5)*(ROW('Eingabe Meldungen'!$A$2:$A$492)-1),COUNTIF('Eingabe Meldungen'!$A$2:$A$492,$B$5)+1-ROW('Eingabe Meldungen'!A16)))),"",INDEX('Eingabe Meldungen'!$C$2:$C$492,LARGE(('Eingabe Meldungen'!$A$2:$A$492=$B$5)*(ROW('Eingabe Meldungen'!$A$2:$A$492)-1),COUNTIF('Eingabe Meldungen'!$A$2:$A$492,$B$5)+1-ROW('Eingabe Meldungen'!A16))))} | C21: {=IF(ISERROR(INDEX('Eingabe Meldungen'!$D$2:$D$492,LARGE(('Eingabe Meldungen'!$A$2:$A$492=$B$5)*(ROW('Eingabe Meldungen'!$A$2:$A$492)-1),COUNTIF('Eingabe Meldungen'!$A$2:$A$492,$B$5)+1-ROW('Eingabe Meldungen'!A16)))),"",INDEX('Eingabe Meldungen'!$D$2:$D$492,LARGE(('Eingabe Meldungen'!$A$2:$A$492=$B$5)*(ROW('Eingabe Meldungen'!$A$2:$A$492)-1),COUNTIF('Eingabe Meldungen'!$A$2:$A$492,$B$5)+1-ROW('Eingabe Meldungen'!A16))))} | D21: {=IF(B21<>"",INDEX('Eingabe Meldungen'!$C$2:$H$492,MATCH(B21&C21,'Eingabe Meldungen'!$C$2:$C$492&'Eingabe Meldungen'!$D$2:$D$492,0),6),"")} | E21: {=IF(B21<>"",INDEX('Eingabe Meldungen'!$C$2:$H$492,MATCH(B21&C21,'Eingabe Meldungen'!$C$2:$C$492&'Eingabe Meldungen'!$D$2:$D$492,0),4),"")} | F21: =IF(VLOOKUP(B21,Rennlisten!$B$6:$H$18,6,FALSE)=0,"",VLOOKUP(B21,Rennlisten!$B$6:$H$18,6,FALSE)) | G21: =RANK(F21,$F$7:$F$22,1) -> #VALUE! | H21: {=IF(B21<>"",INDEX('Eingabe Meldungen'!$C$2:$J$492,MATCH(B21&C21,'Eingabe Meldungen'!$C$2:$C$492&'Eingabe Meldungen'!$D$2:$D$492,0),8),"")} | J21: =IF(EXACT($H21,J$4),$I21,"") | K21: =IF(EXACT($H21,K$4),$I21,"") | L21: =IF(EXACT($H21,#REF!),$I21,"") -> #REF! | M21: =IF(EXACT($H21,L$4),$I21,"") | N21: =IF(EXACT($H21,N$4),$I21,"") | O21: =IF(EXACT($H21,O$4),$I21,"") | P21: =IF(EXACT($H21,P$4),$I21,"") | Q21: =IF(EXACT($H21,Q$4),$I21,"") | R21: =IF(EXACT($H21,R$4),$I21,"") | S21: =IF(EXACT($H21,S$4),$I21,"") | T21: =IF(EXACT($H21,T$4),$I21,"") | U21: =IF(EXACT($H21,U$4),$I21,"") | ... AD21: =IF(EXACT($H21,AD$4),$I21,"") -> 0 | AG21: =IF(EXACT($H21,AG$4),$I21,"") -> 0 | AH21: =IF(EXACT($H21,AH$4),$I21,"") -> 0 | AI21: =IF(EXACT($H21,AI$4),$I21,"") -> 0
B22: {=IF(ISERROR(INDEX('Eingabe Meldungen'!$C$2:$C$492,LARGE(('Eingabe Meldungen'!$A$2:$A$492=$B$5)*(ROW('Eingabe Meldungen'!$A$2:$A$492)-1),COUNTIF('Eingabe Meldungen'!$A$2:$A$492,$B$5)+1-ROW('Eingabe Meldungen'!A17)))),"",INDEX('Eingabe Meldungen'!$C$2:$C$492,LARGE(('Eingabe Meldungen'!$A$2:$A$492=$B$5)*(ROW('Eingabe Meldungen'!$A$2:$A$492)-1),COUNTIF('Eingabe Meldungen'!$A$2:$A$492,$B$5)+1-ROW('Eingabe Meldungen'!A17))))} | C22: {=IF(ISERROR(INDEX('Eingabe Meldungen'!$D$2:$D$492,LARGE(('Eingabe Meldungen'!$A$2:$A$492=$B$5)*(ROW('Eingabe Meldungen'!$A$2:$A$492)-1),COUNTIF('Eingabe Meldungen'!$A$2:$A$492,$B$5)+1-ROW('Eingabe Meldungen'!A17)))),"",INDEX('Eingabe Meldungen'!$D$2:$D$492,LARGE(('Eingabe Meldungen'!$A$2:$A$492=$B$5)*(ROW('Eingabe Meldungen'!$A$2:$A$492)-1),COUNTIF('Eingabe Meldungen'!$A$2:$A$492,$B$5)+1-ROW('Eingabe Meldungen'!A17))))} | D22: {=IF(B22<>"",INDEX('Eingabe Meldungen'!$C$2:$H$492,MATCH(B22&C22,'Eingabe Meldungen'!$C$2:$C$492&'Eingabe Meldungen'!$D$2:$D$492,0),6),"")} | E22: {=IF(B22<>"",INDEX('Eingabe Meldungen'!$C$2:$H$492,MATCH(B22&C22,'Eingabe Meldungen'!$C$2:$C$492&'Eingabe Meldungen'!$D$2:$D$492,0),4),"")} | F22: =IF(VLOOKUP(B22,Rennlisten!$B$6:$H$18,6,FALSE)=0,"",VLOOKUP(B22,Rennlisten!$B$6:$H$18,6,FALSE)) | G22: =RANK(F22,$F$7:$F$22,1) -> #VALUE! | H22: {=IF(B22<>"",INDEX('Eingabe Meldungen'!$C$2:$J$492,MATCH(B22&C22,'Eingabe Meldungen'!$C$2:$C$492&'Eingabe Meldungen'!$D$2:$D$492,0),8),"")} | J22: =IF(EXACT($H22,J$4),$I22,"") | K22: =IF(EXACT($H22,K$4),$I22,"") | L22: =IF(EXACT($H22,#REF!),$I22,"") -> #REF! | M22: =IF(EXACT($H22,L$4),$I22,"") | N22: =IF(EXACT($H22,N$4),$I22,"") | O22: =IF(EXACT($H22,O$4),$I22,"") | P22: =IF(EXACT($H22,P$4),$I22,"") | Q22: =IF(EXACT($H22,Q$4),$I22,"") | R22: =IF(EXACT($H22,R$4),$I22,"") | S22: =IF(EXACT($H22,S$4),$I22,"") | T22: =IF(EXACT($H22,T$4),$I22,"") | U22: =IF(EXACT($H22,U$4),$I22,"") | ... AD22: =IF(EXACT($H22,AD$4),$I22,"") -> 0 | AG22: =IF(EXACT($H22,AG$4),$I22,"") -> 0 | AH22: =IF(EXACT($H22,AH$4),$I22,"") -> 0 | AI22: =IF(EXACT($H22,AI$4),$I22,"") -> 0
J23: =IF(EXACT($H23,J$4),$I23,"") | K23: =IF(EXACT($H23,K$4),$I23,"") | L23: =IF(EXACT($H23,#REF!),$I23,"") -> #REF! | M23: =IF(EXACT($H23,L$4),$I23,"") | N23: =IF(EXACT($H23,N$4),$I23,"") | O23: =IF(EXACT($H23,O$4),$I23,"") | P23: =IF(EXACT($H23,P$4),$I23,"") | Q23: =IF(EXACT($H23,Q$4),$I23,"") | R23: =IF(EXACT($H23,R$4),$I23,"") | S23: =IF(EXACT($H23,S$4),$I23,"") | T23: =IF(EXACT($H23,T$4),$I23,"") | U23: =IF(EXACT($H23,U$4),$I23,"") | ... AD23: =IF(EXACT($H23,AD$4),$I23,"") -> 0 | AG23: =IF(EXACT($H23,AG$4),$I23,"") -> 0 | AH23: =IF(EXACT($H23,AH$4),$I23,"") -> 0 | AI23: =IF(EXACT($H23,AI$4),$I23,"") -> 0
B24: 2 | C24: =VLOOKUP(B24,Ausschreibung!$B$5:$I$35,2,FALSE) -> Ergocup | D24: =VLOOKUP(B24,Ausschreibung!$B$5:$I$35,3,FALSE) -> 0.40277778 | E24: =VLOOKUP(B24,Ausschreibung!$B$5:$I$35,4,FALSE) -> Masters A-H, männlich | F24: =VLOOKUP(B24,Ausschreibung!$B$5:$I$35,5,FALSE) -> - | G24: =VLOOKUP(B24,Ausschreibung!$B$5:$I$35,6,FALSE) -> 27 und älter | H24: =VLOOKUP(B24,Ausschreibung!$B$5:$I$35,8,FALSE) -> 30 min. | J24: =IF(EXACT($H24,J$4),$I24,"") | K24: =IF(EXACT($H24,K$4),$I24,"") | L24: =IF(EXACT($H24,#REF!),$I24,"") -> #REF! | M24: =IF(EXACT($H24,L$4),$I24,"") | N24: =IF(EXACT($H24,N$4),$I24,"") | O24: =IF(EXACT($H24,O$4),$I24,"") | P24: =IF(EXACT($H24,P$4),$I24,"") | Q24: =IF(EXACT($H24,Q$4),$I24,"") | R24: =IF(EXACT($H24,R$4),$I24,"") | S24: =IF(EXACT($H24,S$4),$I24,"") | T24: =IF(EXACT($H24,T$4),$I24,"") | U24: =IF(EXACT($H24,U$4),$I24,"") | ... AD24: =IF(EXACT($H24,AD$4),$I24,"") | AG24: =IF(EXACT($H24,AG$4),$I24,"") | AH24: =IF(EXACT($H24,AH$4),$I24,"") | AI24: =IF(EXACT($H24,AI$4),$I24,"")
B25: Name | C25: Vorname | D25: Jhg | E25: Klasse | F25: Ergebnis | G25: Platzierung | H25: Verein | J25: =IF(EXACT($H25,J$4),$I25,"") | K25: =IF(EXACT($H25,K$4),$I25,"") | L25: =IF(EXACT($H25,#REF!),$I25,"") -> #REF! | M25: =IF(EXACT($H25,L$4),$I25,"") | N25: =IF(EXACT($H25,N$4),$I25,"") | O25: =IF(EXACT($H25,O$4),$I25,"") | P25: =IF(EXACT($H25,P$4),$I25,"") | Q25: =IF(EXACT($H25,Q$4),$I25,"") | R25: =IF(EXACT($H25,R$4),$I25,"") | S25: =IF(EXACT($H25,S$4),$I25,"") | T25: =IF(EXACT($H25,T$4),$I25,"") | U25: =IF(EXACT($H25,U$4),$I25,"") | ... AD25: =IF(EXACT($H25,AD$4),$I25,"") | AG25: =IF(EXACT($H25,AG$4),$I25,"") | AH25: =IF(EXACT($H25,AH$4),$I25,"") | AI25: =IF(EXACT($H25,AI$4),$I25,"")
B26: {=IF(ISERROR(INDEX('Eingabe Meldungen'!$C$2:$C$492,LARGE(('Eingabe Meldungen'!$A$2:$A$492=$B$24)*(ROW('Eingabe Meldungen'!$A$2:$A$492)-1),COUNTIF('Eingabe Meldungen'!$A$2:$A$492,$B$24)+1-ROW('Eingabe Meldungen'!A1)))),"",INDEX('Eingabe Meldungen'!$C$2:$C$492,LARGE(('Eingabe Meldungen'!$A$2:$A$492=$B$24)*(ROW('Eingabe Meldungen'!$A$2:$A$492)-1),COUNTIF('Eingabe Meldungen'!$A$2:$A$492,$B$24)+1-ROW('Eingabe Meldungen'!A1))))} -> Gocke | C26: {=IF(ISERROR(INDEX('Eingabe Meldungen'!$D$2:$D$492,LARGE(('Eingabe Meldungen'!$A$2:$A$492=$B$24)*(ROW('Eingabe Meldungen'!$A$2:$A$492)-1),COUNTIF('Eingabe Meldungen'!$A$2:$A$492,$B$24)+1-ROW('Eingabe Meldungen'!A1)))),"",INDEX('Eingabe Meldungen'!$D$2:$D$492,LARGE(('Eingabe Meldungen'!$A$2:$A$492=$B$24)*(ROW('Eingabe Meldungen'!$A$2:$A$492)-1),COUNTIF('Eingabe Meldungen'!$A$2:$A$492,$B$24)+1-ROW('Eingabe Meldungen'!A1))))} -> Eberhard | D26: {=IF(B26<>"",INDEX('Eingabe Meldungen'!$C$2:$H$492,MATCH(B26&C26,'Eingabe Meldungen'!$C$2:$C$492&'Eingabe Meldungen'!$D$2:$D$492,0),6),"")} -> 1940 | E26: {=IF(B26<>"",INDEX('Eingabe Meldungen'!$C$2:$H$492,MATCH(B26&C26,'Eingabe Meldungen'!$C$2:$C$492&'Eingabe Meldungen'!$D$2:$D$492,0),4),"")} -> J | F26: =IF(VLOOKUP(B26,Rennlisten!$B$22:$H$51,6,FALSE)=0,"",VLOOKUP(B26,Rennlisten!$B$22:$H$51,6,FALSE)) | G26: =RANK(F26,$F$26:$F$41,1) -> #VALUE! | H26: {=IF(B26<>"",INDEX('Eingabe Meldungen'!$C$2:$J$244,MATCH(B26&C26,'Eingabe Meldungen'!$C$2:$C$244&'Eingabe Meldungen'!$D$2:$D$244,0),8),"")} -> RC Neptun Neckarelz | J26: =IF(EXACT($H26,J$4),$I26,"") | K26: =IF(EXACT($H26,K$4),$I26,"") | L26: =IF(EXACT($H26,#REF!),$I26,"") -> #REF! | M26: =IF(EXACT($H26,L$4),$I26,"") | N26: =IF(EXACT($H26,N$4),$I26,"") | O26: =IF(EXACT($H26,O$4),$I26,"") | P26: =IF(EXACT($H26,P$4),$I26,"") | Q26: =IF(EXACT($H26,Q$4),$I26,"") | R26: =IF(EXACT($H26,R$4),$I26,"") | S26: =IF(EXACT($H26,S$4),$I26,"") | T26: =IF(EXACT($H26,T$4),$I26,"") | U26: =IF(EXACT($H26,U$4),$I26,"") | ... AD26: =IF(EXACT($H26,AD$4),$I26,"") | AG26: =IF(EXACT($H26,AG$4),$I26,"") | AH26: =IF(EXACT($H26,AH$4),$I26,"") | AI26: =IF(EXACT($H26,AI$4),$I26,"")
B27: {=IF(ISERROR(INDEX('Eingabe Meldungen'!$C$2:$C$492,LARGE(('Eingabe Meldungen'!$A$2:$A$492=$B$24)*(ROW('Eingabe Meldungen'!$A$2:$A$492)-1),COUNTIF('Eingabe Meldungen'!$A$2:$A$492,$B$24)+1-ROW('Eingabe Meldungen'!A2)))),"",INDEX('Eingabe Meldungen'!$C$2:$C$492,LARGE(('Eingabe Meldungen'!$A$2:$A$492=$B$24)*(ROW('Eingabe Meldungen'!$A$2:$A$492)-1),COUNTIF('Eingabe Meldungen'!$A$2:$A$492,$B$24)+1-ROW('Eingabe Meldungen'!A2))))} -> Schultheiß | C27: {=IF(ISERROR(INDEX('Eingabe Meldungen'!$D$2:$D$492,LARGE(('Eingabe Meldungen'!$A$2:$A$492=$B$24)*(ROW('Eingabe Meldungen'!$A$2:$A$492)-1),COUNTIF('Eingabe Meldungen'!$A$2:$A$492,$B$24)+1-ROW('Eingabe Meldungen'!A2)))),"",INDEX('Eingabe Meldungen'!$D$2:$D$492,LARGE(('Eingabe Meldungen'!$A$2:$A$492=$B$24)*(ROW('Eingabe Meldungen'!$A$2:$A$492)-1),COUNTIF('Eingabe Meldungen'!$A$2:$A$492,$B$24)+1-ROW('Eingabe Meldungen'!A2))))} -> Günther | D27: {=IF(B27<>"",INDEX('Eingabe Meldungen'!$C$2:$H$492,MATCH(B27&C27,'Eingabe Meldungen'!$C$2:$C$492&'Eingabe Meldungen'!$D$2:$D$492,0),6),"")} -> 1942 | E27: {=IF(B27<>"",INDEX('Eingabe Meldungen'!$C$2:$H$492,MATCH(B27&C27,'Eingabe Meldungen'!$C$2:$C$492&'Eingabe Meldungen'!$D$2:$D$492,0),4),"")} -> J | F27: =IF(VLOOKUP(B27,Rennlisten!$B$22:$H$51,6,FALSE)=0,"",VLOOKUP(B27,Rennlisten!$B$22:$H$51,6,FALSE)) | G27: =RANK(F27,$F$26:$F$41,1) -> #VALUE! | H27: {=IF(B27<>"",INDEX('Eingabe Meldungen'!$C$2:$J$244,MATCH(B27&C27,'Eingabe Meldungen'!$C$2:$C$244&'Eingabe Meldungen'!$D$2:$D$244,0),8),"")} -> RC Neptun Neckarelz | J27: =IF(EXACT($H27,J$4),$I27,"") | K27: =IF(EXACT($H27,K$4),$I27,"") | L27: =IF(EXACT($H27,#REF!),$I27,"") -> #REF! | M27: =IF(EXACT($H27,L$4),$I27,"") | N27: =IF(EXACT($H27,N$4),$I27,"") | O27: =IF(EXACT($H27,O$4),$I27,"") | P27: =IF(EXACT($H27,P$4),$I27,"") | Q27: =IF(EXACT($H27,Q$4),$I27,"") | R27: =IF(EXACT($H27,R$4),$I27,"") | S27: =IF(EXACT($H27,S$4),$I27,"") | T27: =IF(EXACT($H27,T$4),$I27,"") | U27: =IF(EXACT($H27,U$4),$I27,"") | ... AD27: =IF(EXACT($H27,AD$4),$I27,"") | AG27: =IF(EXACT($H27,AG$4),$I27,"") | AH27: =IF(EXACT($H27,AH$4),$I27,"") | AI27: =IF(EXACT($H27,AI$4),$I27,"")
